Time,Angle1 [deg],Angle2 [deg],Angle1 vel [deg/s],Angle2 vel [deg/s],Angle1 acc [deg/s^2],Angle2 acc [deg/s^2],Endpoint pos x [m],Endpoint pos y [m],Endpoint vel x [m/s],Endpoint vel y [m/s],Delivery pos x [m],Delivery pos y [m]
0,1.5708,-3.14159,0.060813,-0.0338126,2.0271,-1.12709,0,0.128,-0.0395679,0,0,0,
0.03,1.57262,-3.14261,0.114398,-0.0625289,1.78617,-0.957209,-0.00194845,0.127999,-0.0734199,-0.000222899,0,0,
0.06,1.57605,-3.14448,0.114398,-0.0625293,-4.07387e-06,-1.28216e-05,-0.00338962,0.127988,-0.0734189,-0.000526838,0,0,
0.09,1.57948,-3.14636,0.114398,-0.0625303,-1.16075e-05,-3.65321e-05,-0.00559215,0.127967,-0.0734172,-0.000870266,0,0,
0.12,1.58292,-3.14823,0.114397,-0.0625322,-1.9141e-05,-6.02422e-05,-0.00779461,0.127936,-0.0734148,-0.00121369,0,0,
0.15,1.58635,-3.15011,0.114396,-0.0625347,-2.66744e-05,-8.39516e-05,-0.00999697,0.127894,-0.0734117,-0.0015571,0,0,
0.18,1.58978,-3.15199,0.114395,-0.0625379,-3.42077e-05,-0.00010766,-0.0121992,0.127842,-0.073408,-0.00190049,0,0,
0.21,1.59321,-3.15386,0.114394,-0.0625418,-4.17409e-05,-0.000131368,-0.0144014,0.12778,-0.0734036,-0.00224388,0,0,
0.24,1.59664,-3.15574,0.114393,-0.0625465,-4.9274e-05,-0.000155075,-0.0166033,0.127708,-0.0733985,-0.00258724,0,0,
0.27,1.60008,-3.15762,0.114391,-0.0625519,-5.6807e-05,-0.00017878,-0.0188051,0.127625,-0.0733927,-0.00293058,0,0,
0.3,1.60351,-3.15949,0.114389,-0.0625579,-6.43398e-05,-0.000202484,-0.0210067,0.127532,-0.0733862,-0.0032739,0,0,
0.33,1.60694,-3.16137,0.114387,-0.0625647,-7.18725e-05,-0.000226186,-0.0232081,0.127428,-0.0733791,-0.0036172,0,0,
0.36,1.61037,-3.16325,0.114384,-0.0625722,-7.94052e-05,-0.000249886,-0.0254093,0.127315,-0.0733713,-0.00396047,0,0,
0.39,1.6138,-3.16512,0.114382,-0.0625804,-8.69377e-05,-0.000273584,-0.0276102,0.127191,-0.0733627,-0.0043037,0,0,
0.42,1.61723,-3.167,0.114379,-0.0625893,-9.44701e-05,-0.000297281,-0.0298108,0.127057,-0.0733536,-0.0046469,0,0,
0.45,1.62067,-3.16888,0.114376,-0.062599,-0.000102002,-0.000320974,-0.0320111,0.126912,-0.0733437,-0.00499007,0,0,
0.48,1.6241,-3.17076,0.114373,-0.0626093,-0.000109535,-0.000344666,-0.0342112,0.126757,-0.0733331,-0.0053332,0,0,
0.51,1.62753,-3.17263,0.114369,-0.0626204,-0.000117067,-0.000368354,-0.0364108,0.126592,-0.0733219,-0.00567628,0,0,
0.54,1.63096,-3.17451,0.114365,-0.0626321,-0.000124599,-0.00039204,-0.0386102,0.126417,-0.07331,-0.00601932,0,0,
0.57,1.63439,-3.17639,0.114361,-0.0626446,-0.000132131,-0.000415722,-0.0408091,0.126231,-0.0732974,-0.00636232,0,0,
0.6,1.63782,-3.17827,0.114357,-0.0626578,-0.000139662,-0.000439402,-0.0430077,0.126035,-0.0732842,-0.00670527,0,0,
0.63,1.64125,-3.18015,0.114353,-0.0626717,-0.000147194,-0.000463078,-0.0452058,0.125829,-0.0732702,-0.00704816,0,0,
0.66,1.64468,-3.18203,0.114348,-0.0626863,-0.000154726,-0.00048675,-0.0474035,0.125612,-0.0732556,-0.007391,0,0,
0.69,1.64811,-3.18391,0.114343,-0.0627016,-0.000162257,-0.000510419,-0.0496007,0.125385,-0.0732403,-0.00773379,0,0,
0.72,1.65154,-3.18579,0.114347,-0.062642,0.000116446,0.00198533,-0.0517975,0.125148,-0.0731544,-0.00807436,0,0,
0.75,1.65497,-3.18767,0.114365,-0.0624252,0.000618154,0.00722815,-0.0539916,0.124901,-0.0729214,-0.00840976,0,0,
0.78,1.6584,-3.18954,0.114389,-0.0621236,0.000792828,0.0100535,-0.0561788,0.124643,-0.0726081,-0.00874136,0,0,
0.81,1.66184,-3.19141,0.114424,-0.061653,0.00115212,0.0156861,-0.0583565,0.124376,-0.0721361,-0.00906574,0,0,
0.84,1.66527,-3.19326,0.208959,-0.121642,3.15118,-1.99963,-0.0605201,0.124099,-0.14017,-0.0175394,0,0,
0.87,1.67154,-3.19691,0.208937,-0.121707,-0.000717964,-0.00217626,-0.0647233,0.123555,-0.140102,-0.0187183,0,0,
0.9,1.67781,-3.20056,0.208914,-0.121777,-0.000768468,-0.0023292,-0.0689243,0.122976,-0.14003,-0.0198967,0,0,
0.93,1.68407,-3.20421,0.20889,-0.121851,-0.000818956,-0.00248206,-0.0731231,0.122361,-0.139953,-0.0210745,0,0,
0.96,1.69034,-3.20787,0.208864,-0.12193,-0.000869427,-0.00263483,-0.0773195,0.121711,-0.139873,-0.0222517,0,0,
0.99,1.69661,-3.21153,0.208834,-0.121579,-0.000992451,0.0117048,-0.0815133,0.121026,-0.139381,-0.0234052,0,0,
1.02,1.70287,-3.21517,0.208798,-0.120793,-0.00120364,0.0262071,-0.0856922,0.120306,-0.138471,-0.0245303,0,0,
1.05,1.70913,-3.2188,0.208753,-0.119572,-0.00149286,0.040702,-0.0898437,0.119553,-0.137145,-0.0256222,0,0,
1.08,1.7154,-3.22238,0.208698,-0.117921,-0.00185006,0.0550298,-0.0939554,0.118767,-0.135407,-0.0266765,0,0,
1.11,1.72166,-3.22592,0.20863,-0.11585,-0.00226488,0.0690373,-0.0980147,0.117949,-0.133266,-0.0276888,0,0,
1.14,1.72792,-3.2294,0.208744,-0.109664,0.00379583,0.206218,-0.10201,0.117102,-0.12728,-0.0284335,0,0,
1.17,1.73418,-3.23269,0.261259,-0.204006,1.75051,-3.14476,-0.105825,0.116232,-0.221632,-0.0414982,0,0,
1.2,1.74202,-3.23881,0.261157,-0.193174,-0.00339544,0.361068,-0.112469,0.114956,-0.211108,-0.042798,0,0,
1.23,1.74985,-3.2446,0.31855,-0.287504,1.91309,-3.14433,-0.118796,0.113642,-0.305673,-0.0583744,0,0,
1.26,1.75941,-3.25323,0.317877,-0.27155,-0.0224107,0.531782,-0.127958,0.111843,-0.290054,-0.0603045,0,0,
1.29,1.76894,-3.26137,0.317197,-0.25683,-0.022678,0.490682,-0.13665,0.109987,-0.275567,-0.0622451,0,0,
1.32,1.77846,-3.26908,0.316498,-0.242579,-0.0232909,0.475043,-0.144908,0.108074,-0.261497,-0.064126,0,0,
1.35,1.78795,-3.27636,0.315689,-0.227194,-0.0269811,0.512811,-0.152743,0.106106,-0.246335,-0.0657959,0,0,
1.38,1.79743,-3.28317,0.31481,-0.211728,-0.0292963,0.515542,-0.160123,0.104088,-0.231073,-0.0673149,0,0,
1.41,1.80687,-3.28952,0.313897,-0.1968,-0.0304388,0.497589,-0.167044,0.102027,-0.2163,-0.0687193,0,0,
1.44,1.81629,-3.29543,0.312957,-0.182397,-0.0313194,0.480108,-0.173523,0.0999251,-0.202006,-0.0699979,0,0,
1.47,1.82568,-3.3009,0.311984,-0.168224,-0.0324283,0.472445,-0.179572,0.0977867,-0.187917,-0.0711136,0,0,
1.5,1.83504,-3.30595,0.310972,-0.153879,-0.0337505,0.478161,-0.185198,0.0956167,-0.173659,-0.0720155,0,0,
1.53,1.84436,-3.31056,0.309925,-0.139422,-0.0348838,0.481895,-0.190397,0.0934218,-0.159294,-0.0726922,0,0,
1.56,1.85366,-3.31475,0.308855,-0.124989,-0.0356658,0.481119,-0.195164,0.0912089,-0.144953,-0.0731419,0,0,
1.59,1.86293,-3.31849,0.307773,-0.110721,-0.03607,0.475585,-0.199502,0.0889849,-0.130775,-0.0733676,0,0,
1.62,1.87216,-3.32182,0.306687,-0.0967136,-0.0362137,0.466915,-0.203414,0.0867566,-0.116852,-0.0733704,0,0,
1.65,1.88136,-3.32472,0.305595,-0.082939,-0.0364078,0.459155,-0.206908,0.0845309,-0.103163,-0.0731386,0,0,
1.68,1.89053,-3.32721,0.304491,-0.0693218,-0.0368049,0.453907,-0.209992,0.0823148,-0.0896413,-0.0726539,0,0,
1.71,1.89966,-3.32929,0.303375,-0.0558988,-0.0371841,0.447434,-0.21267,0.0801161,-0.0763273,-0.0719121,0,0,
1.74,1.90877,-3.33096,0.302255,-0.0428081,-0.0373498,0.436356,-0.214949,0.0779426,-0.0633546,-0.0709269,0,0,
1.77,1.91783,-3.33225,0.301138,-0.0302495,-0.0372056,0.418618,-0.216839,0.0758015,-0.0509143,-0.0697272,0,0,
1.8,1.92687,-3.33315,0.300037,-0.0184595,-0.0367116,0.393001,-0.218357,0.0736994,-0.0392302,-0.0683568,0,0,
1.83,1.93587,-3.33371,0.299049,-0.00875777,-0.0329293,0.323391,-0.219524,0.0716413,-0.0295337,-0.0670652,0,0,
1.86,1.94484,-3.33397,0.298156,-0.000771895,-0.0297729,0.266196,-0.220401,0.0696243,-0.0214725,-0.0658449,0,0,
1.89,1.95378,-3.33399,0.297341,0.00580451,-0.02715,0.219213,-0.221036,0.067646,-0.0147565,-0.0646896,0,0,
1.92,1.9627,-3.33382,0.296592,0.0112233,-0.0249821,0.180625,-0.22147,0.0657041,-0.00914707,-0.0635937,0,0,
1.95,1.9716,-3.33348,0.295896,0.0156913,-0.023204,0.148934,-0.221736,0.0637965,-0.00444803,-0.0625518,0,0,
1.98,1.98048,-3.33301,0.295243,0.0193782,-0.0217606,0.122898,-0.221862,0.0619214,-0.000498505,-0.0615589,0,0,
2.01,1.98934,-3.33243,0.294625,0.0224228,-0.0206054,0.101486,-0.221869,0.0600771,0.00283316,-0.0606102,0,0,
2.04,1.99818,-3.33176,0.294034,0.0249382,-0.0196988,0.0838453,-0.221777,0.0582622,0.00565437,-0.0597013,0,0,
2.07,2.007,-3.33101,0.293464,0.0270161,-0.0190046,0.0692658,-0.2216,0.0564752,0.00805237,-0.058828,0,0,
2.1,2.0158,-3.3302,0.292909,0.0287309,-0.0184875,0.0571584,-0.221352,0.0547149,0.0100977,-0.0579871,0,0,
2.13,2.02459,-3.32934,0.292366,0.0301423,-0.0181128,0.0470471,-0.221042,0.0529805,0.0118473,-0.0571758,0,0,
2.16,2.03336,-3.32843,0.29183,0.0312988,-0.0178448,0.0385516,-0.220681,0.0512707,0.0133473,-0.0563917,0,0,
2.19,2.04211,-3.32749,0.291301,0.03224,-0.017647,0.0313729,-0.220274,0.0495849,0.0146355,-0.0556333,0,0,
2.22,2.05085,-3.32653,0.290776,0.0329988,-0.0174868,0.0252937,-0.219829,0.047922,0.0157433,-0.054899,0,0,
2.25,2.05958,-3.32554,0.290256,0.0336034,-0.0173368,0.0201528,-0.219351,0.0462815,0.0166975,-0.0541875,0,0,
2.28,2.06828,-3.32453,0.289741,0.0340785,-0.0171792,0.0158354,-0.218844,0.0446624,0.0175215,-0.0534972,0,0,
2.31,2.07698,-3.32351,0.289231,0.0344458,-0.0170047,0.012245,-0.218313,0.0430642,0.0182362,-0.0528265,0,0,
2.34,2.08565,-3.32247,0.288726,0.0347247,-0.0168116,0.00929634,-0.217761,0.0414863,0.0188595,-0.0521734,0,0,
2.37,2.09431,-3.32143,0.288228,0.0349319,-0.0166027,0.00690586,-0.21719,0.039928,0.0194074,-0.051536,0,0,
2.4,2.10296,-3.32038,0.287737,0.0350816,-0.0163822,0.00498987,-0.216602,0.038389,0.0198932,-0.0509124,0,0,
2.43,2.11159,-3.31933,0.287252,0.0351857,-0.0161543,0.00347019,-0.216001,0.0368687,0.020328,-0.0503007,0,0,
2.46,2.12021,-3.31828,0.286775,0.035254,-0.0159228,0.00227644,-0.215386,0.0353668,0.020721,-0.0496994,0,0,
2.49,2.12881,-3.31722,0.286304,0.0352943,-0.0156898,0.00134437,-0.21476,0.033883,0.0210797,-0.049107,0,0,
2.52,2.1374,-3.31616,0.28584,0.035313,-0.0154572,0.000622536,-0.214123,0.0324169,0.0214098,-0.0485223,0,0,
2.55,2.14598,-3.3151,0.285383,0.035315,-0.0152258,6.58607e-05,-0.213476,0.0309685,0.021716,-0.0479442,0,0,
2.58,2.15454,-3.31404,0.284934,0.0353041,-0.0149961,-0.000361545,-0.21282,0.0295373,0.0220021,-0.0473721,0,0,
2.61,2.16309,-3.31298,0.28449,0.0352835,-0.0147685,-0.000687207,-0.212156,0.0281234,0.0222709,-0.0468051,0,0,
2.64,2.17162,-3.31192,0.284054,0.0352554,-0.0145426,-0.000937105,-0.211484,0.0267264,0.0225246,-0.0462429,0,0,
2.67,2.18014,-3.31087,0.283625,0.0352216,-0.0143189,-0.00112647,-0.210805,0.0253464,0.0227649,-0.045685,0,0,
2.7,2.18865,-3.30981,0.283202,0.0351834,-0.0140968,-0.00127316,-0.210118,0.023983,0.0229931,-0.0451311,0,0,
2.73,2.19715,-3.30875,0.282785,0.0351423,-0.013878,-0.00136922,-0.209424,0.0226363,0.0232106,-0.0445808,0,0,
2.76,2.20563,-3.3077,0.282376,0.035099,-0.0136609,-0.00144388,-0.208724,0.0213061,0.0234182,-0.0440339,0,0,
2.79,2.2141,-3.30665,0.281972,0.0350541,-0.0134461,-0.00149618,-0.208018,0.0199922,0.0236165,-0.0434904,0,0,
2.82,2.22256,-3.30559,0.281575,0.0350082,-0.0132335,-0.00153023,-0.207307,0.0186947,0.0238062,-0.0429501,0,0,
2.85,2.23101,-3.30454,0.281184,0.0349616,-0.0130229,-0.00155304,-0.206589,0.0174133,0.0239875,-0.0424129,0,0,
2.88,2.23945,-3.3035,0.2808,0.0349146,-0.0128142,-0.00156715,-0.205867,0.0161481,0.0241608,-0.0418787,0,0,
2.91,2.24787,-3.30245,0.280422,0.0348674,-0.0126075,-0.00157348,-0.205139,0.0148989,0.0243265,-0.0413476,0,0,
2.94,2.25628,-3.3014,0.28005,0.0348205,-0.0124036,-0.00156445,-0.204406,0.0136656,0.024485,-0.0408194,0,0,
2.97,2.26468,-3.30036,0.279684,0.0347732,-0.0121997,-0.00157629,-0.203669,0.0124481,0.0246359,-0.0402943,0,0,
3,2.27307,-3.29931,0.279324,0.0347259,-0.0119982,-0.00157676,-0.202927,0.0112463,0.0247795,-0.0397723,0,0,
3.03,2.28145,-3.29827,0.27897,0.034679,-0.0117994,-0.00156264,-0.202181,0.0100602,0.0249163,-0.0392533,0,0,
3.06,2.28982,-3.29723,0.278622,0.0346323,-0.0116017,-0.0015588,-0.201431,0.00888966,0.0250462,-0.0387373,0,0,
3.09,2.29818,-3.29619,0.27828,0.034586,-0.0114067,-0.00154184,-0.200677,0.00773456,0.0251696,-0.0382243,0,0,
3.12,2.30653,-3.29516,0.277943,0.0345402,-0.0112135,-0.001526,-0.19992,0.00659483,0.0252864,-0.0377143,0,0,
3.15,2.31487,-3.29412,0.277613,0.0344947,-0.0110216,-0.00151667,-0.199159,0.00547037,0.0253967,-0.0372074,0,0,
3.18,2.3232,-3.29308,0.277288,0.0344498,-0.0108322,-0.00149838,-0.198395,0.0043611,0.0255008,-0.0367035,0,0,
3.21,2.33152,-3.29205,0.276968,0.0344049,-0.0106435,-0.00149676,-0.197628,0.00326692,0.0255982,-0.0362029,0,0,
3.24,2.33982,-3.29102,0.276655,0.0343604,-0.0104573,-0.00148273,-0.196858,0.00218774,0.0256895,-0.0357055,0,0,
3.27,2.34812,-3.28999,0.276346,0.0343166,-0.0102735,-0.00146026,-0.196086,0.00112345,0.0257748,-0.035211,0,0,
3.3,2.35641,-3.28896,0.276044,0.0342734,-0.0100916,-0.00143859,-0.195311,7.39644e-05,0.0258543,-0.0347196,0,0,
3.33,2.3647,-3.28793,0.275746,0.0342309,-0.00991167,-0.00141722,-0.194534,-0.000960804,0.025928,-0.0342313,0,0,
3.36,2.37297,-3.2869,0.275454,0.034189,-0.00973349,-0.00139802,-0.193754,-0.00198095,0.0259959,-0.0337461,0,0,
3.39,2.38123,-3.28588,0.275168,0.0341473,-0.00955667,-0.00138744,-0.192973,-0.00298657,0.0260578,-0.0332642,0,0,
3.42,2.38949,-3.28485,0.274886,0.0341063,-0.00938214,-0.0013691,-0.19219,-0.00397776,0.0261142,-0.0327854,0,0,
3.45,2.39773,-3.28383,0.27461,0.0340658,-0.00920955,-0.00134996,-0.191405,-0.00495462,0.026165,-0.0323099,0,0,
3.48,2.40597,-3.28281,0.274339,0.0340261,-0.00903941,-0.00132087,-0.190619,-0.00591724,0.0262105,-0.0318373,0,0,
3.51,2.4142,-3.28179,0.274072,0.0339871,-0.00887076,-0.00130259,-0.189832,-0.00686572,0.0262505,-0.031368,0,0,
3.54,2.42242,-3.28077,0.273811,0.0339485,-0.00870398,-0.00128476,-0.189043,-0.00780015,0.0262852,-0.0309018,0,0,
3.57,2.43064,-3.27975,0.273555,0.0339104,-0.00853896,-0.00126954,-0.188254,-0.00872063,0.0263145,-0.030439,0,0,
3.6,2.43885,-3.27873,0.273304,0.0338733,-0.00837669,-0.00123789,-0.187464,-0.00962725,0.0263389,-0.0299792,0,0,
3.63,2.44704,-3.27772,0.273057,0.0338366,-0.00821563,-0.00122342,-0.186673,-0.0105201,0.0263579,-0.0295228,0,0,
3.66,2.45524,-3.2767,0.272816,0.0338007,-0.00805706,-0.00119694,-0.185881,-0.0113993,0.0263721,-0.0290694,0,0,
3.69,2.46342,-3.27569,0.272579,0.0337647,-0.00789907,-0.00119889,-0.18509,-0.012265,0.0263807,-0.0286198,0,0,
3.72,2.4716,-3.27467,0.272346,0.0337293,-0.0077437,-0.00118212,-0.184298,-0.0131172,0.0263844,-0.0281735,0,0,
3.75,2.47977,-3.27366,0.272119,0.0336938,-0.00758946,-0.00118091,-0.183506,-0.013956,0.0263828,-0.0277308,0,0,
3.78,2.48793,-3.27265,0.271896,0.0336581,-0.00743645,-0.00119034,-0.182714,-0.0147816,0.0263757,-0.0272921,0,0,
3.81,2.49609,-3.27164,0.271677,0.0336228,-0.00728617,-0.00117687,-0.181923,-0.0155941,0.0263639,-0.0268568,0,0,
3.84,2.50424,-3.27063,0.271463,0.0335877,-0.00713746,-0.00117087,-0.181131,-0.0163935,0.026347,-0.0264252,0,0,
3.87,2.51238,-3.26962,0.271253,0.0335525,-0.00699025,-0.00117285,-0.180341,-0.0171801,0.0263251,-0.0259974,0,0,
3.9,2.52052,-3.26862,0.271048,0.0335179,-0.00684584,-0.00115205,-0.179551,-0.0179538,0.0262987,-0.0255729,0,0,
3.93,2.52865,-3.26761,0.270847,0.0334847,-0.00670461,-0.00110741,-0.178762,-0.0187149,0.0262683,-0.0251514,0,0,
3.96,2.53678,-3.26661,0.27065,0.0334526,-0.00656531,-0.00107171,-0.177974,-0.0194633,0.0262338,-0.0247329,0,0,
3.99,2.5449,-3.2656,0.270457,0.0334209,-0.00642741,-0.0010539,-0.177188,-0.0201992,0.0261948,-0.0243178,0,0,
4.02,2.55301,-3.2646,0.270268,0.0333893,-0.00629073,-0.00105484,-0.176402,-0.0209228,0.026151,-0.0239066,0,0,
4.05,2.56112,-3.2636,0.270083,0.0333584,-0.00615689,-0.00103127,-0.175618,-0.021634,0.0261031,-0.0234987,0,0,
4.08,2.56922,-3.2626,0.269903,0.0333283,-0.00602531,-0.00100329,-0.174835,-0.022333,0.0260511,-0.023094,0,0,
4.11,2.57732,-3.2616,0.269726,0.0332982,-0.00589478,-0.00100063,-0.174054,-0.0230199,0.0259945,-0.0226931,0,0,
4.14,2.58541,-3.2606,0.269553,0.0332692,-0.00576734,-0.000968203,-0.173275,-0.0236949,0.0259341,-0.0222954,0,0,
4.17,2.5935,-3.2596,0.269384,0.0332406,-0.00564137,-0.000952112,-0.172498,-0.024358,0.0258696,-0.0219012,0,0,
4.2,2.60158,-3.25861,0.269218,0.0332125,-0.00551726,-0.00093912,-0.171722,-0.0250092,0.0258009,-0.0215106,0,0,
4.23,2.60965,-3.25761,0.269056,0.0331854,-0.00539598,-0.000903647,-0.170949,-0.0256489,0.0257285,-0.0211231,0,0,
4.26,2.61773,-3.25661,0.268898,0.0331583,-0.00527556,-0.000900839,-0.170178,-0.0262769,0.0256519,-0.0207394,0,0,
4.29,2.62579,-3.25562,0.268743,0.033131,-0.00515647,-0.000911633,-0.169409,-0.0268934,0.0255708,-0.0203599,0,0,
4.32,2.63386,-3.25462,0.268592,0.0331048,-0.00504102,-0.000871853,-0.168643,-0.0274987,0.0254864,-0.0199834,0,0,
4.35,2.64191,-3.25363,0.268444,0.0330787,-0.0049263,-0.000869195,-0.16788,-0.0280927,0.0253978,-0.0196108,0,0,
4.38,2.64997,-3.25264,0.2683,0.033053,-0.00481378,-0.000856999,-0.167119,-0.0286755,0.0253055,-0.0192419,0,0,
4.41,2.65802,-3.25165,0.268159,0.0330277,-0.00470311,-0.000845789,-0.166361,-0.0292473,0.0252093,-0.0188766,0,0,
4.44,2.66606,-3.25066,0.268021,0.0330026,-0.00459427,-0.000835762,-0.165606,-0.0298082,0.0251094,-0.0185151,0,0,
4.47,2.6741,-3.24967,0.267886,0.0329784,-0.00448795,-0.000807591,-0.164854,-0.0303584,0.025006,-0.0181569,0,0,
4.5,2.68214,-3.24868,0.267755,0.0329545,-0.00438299,-0.000796356,-0.164105,-0.0308978,0.024899,-0.0178025,0,0,
4.53,2.69017,-3.24769,0.267626,0.0329306,-0.00427945,-0.000796567,-0.163359,-0.0314266,0.0247882,-0.017452,0,0,
4.56,2.6982,-3.2467,0.267501,0.0329076,-0.00417875,-0.000766017,-0.162617,-0.031945,0.0246742,-0.0171048,0,0,
4.59,2.70622,-3.24571,0.267379,0.0328847,-0.00407898,-0.000763855,-0.161879,-0.032453,0.0245565,-0.0167616,0,0,
4.62,2.71425,-3.24473,0.267259,0.0328623,-0.00398143,-0.000747539,-0.161143,-0.0329508,0.0244354,-0.016422,0,0,
4.65,2.72226,-3.24374,0.267143,0.0328403,-0.00388568,-0.000731163,-0.160412,-0.0334384,0.024311,-0.0160861,0,0,
4.68,2.73028,-3.24276,0.267029,0.0328189,-0.00379169,-0.000715186,-0.159684,-0.033916,0.0241834,-0.0157538,0,0,
4.71,2.73829,-3.24177,0.266918,0.0327981,-0.00369972,-0.000690654,-0.158961,-0.0343837,0.0240526,-0.015425,0,0,
4.74,2.7463,-3.24079,0.26681,0.0327778,-0.00360907,-0.000679225,-0.158241,-0.0348415,0.0239185,-0.0150999,0,0,
4.77,2.7543,-3.2398,0.266704,0.0327576,-0.00351992,-0.000672565,-0.157525,-0.0352897,0.0237812,-0.0147788,0,0,
4.8,2.7623,-3.23882,0.266601,0.0327379,-0.00343275,-0.000655759,-0.156814,-0.0357283,0.0236408,-0.0144613,0,0,
4.83,2.7703,-3.23784,0.266501,0.0327182,-0.00334662,-0.000657087,-0.156106,-0.0361574,0.0234971,-0.014148,0,0,
4.86,2.77829,-3.23686,0.266403,0.0326992,-0.00326289,-0.000633361,-0.155403,-0.0365772,0.0233504,-0.0138382,0,0,
4.89,2.78629,-3.23588,0.266307,0.0326804,-0.00318017,-0.000628426,-0.154705,-0.0369877,0.0232007,-0.0135323,0,0,
4.92,2.79428,-3.2349,0.266214,0.0326618,-0.00309915,-0.000618047,-0.154011,-0.0373891,0.023048,-0.0132303,0,0,
4.95,2.80226,-3.23392,0.266124,0.0326432,-0.00301928,-0.000620047,-0.153322,-0.0377815,0.0228922,-0.0129325,0,0,
4.98,2.81025,-3.23294,0.266036,0.0326251,-0.00294142,-0.000604962,-0.152637,-0.0381651,0.0227336,-0.0126385,0,0,
5.01,2.81823,-3.23196,0.26595,0.0326069,-0.00286462,-0.000603832,-0.151958,-0.0385398,0.0225721,-0.0123486,0,0,
5.04,2.82621,-3.23098,0.265866,0.0325891,-0.00278956,-0.000593266,-0.151283,-0.0389059,0.0224077,-0.0120626,0,0,
5.07,2.83418,-3.23,0.265784,0.0325718,-0.00271611,-0.000577368,-0.150613,-0.0392635,0.0222407,-0.0117804,0,0,
5.1,2.84215,-3.22903,0.265705,0.0325549,-0.00264397,-0.000565137,-0.149948,-0.0396127,0.022071,-0.011502,0,0,
5.13,2.85013,-3.22805,0.265628,0.0325381,-0.00257307,-0.000557854,-0.149288,-0.0399536,0.0218987,-0.0112277,0,0,
5.16,2.85809,-3.22707,0.265553,0.0325214,-0.00250328,-0.000558613,-0.148634,-0.0402863,0.0217236,-0.0109575,0,0,
5.19,2.86606,-3.2261,0.26548,0.0325052,-0.00243545,-0.00053882,-0.147985,-0.040611,0.0215461,-0.0106911,0,0,
5.22,2.87403,-3.22512,0.265409,0.0324894,-0.00236869,-0.000527103,-0.147341,-0.0409277,0.0213661,-0.0104286,0,0,
5.25,2.88199,-3.22415,0.26534,0.0324752,-0.00230454,-0.000473394,-0.146703,-0.0412367,0.0211841,-0.0101689,0,0,
5.28,2.88995,-3.22317,0.265272,0.0324606,-0.00223965,-0.000485899,-0.14607,-0.0415378,0.0209994,-0.0099137,0,0,
5.31,2.89791,-3.2222,0.265207,0.0324465,-0.00217685,-0.000470133,-0.145442,-0.0418314,0.0208124,-0.00966237,0,0,
5.34,2.90586,-3.22123,0.265144,0.0324327,-0.00211509,-0.000460052,-0.144821,-0.0421175,0.020623,-0.00941503,0,0,
5.37,2.91382,-3.22025,0.265082,0.0324192,-0.00205455,-0.000449136,-0.144205,-0.0423963,0.0204314,-0.00917165,0,0,
5.4,2.92177,-3.21928,0.265022,0.0324061,-0.00199522,-0.000436948,-0.143595,-0.0426678,0.0202375,-0.00893221,0,0,
5.43,2.92972,-3.21831,0.264964,0.0323939,-0.00193762,-0.000406384,-0.14299,-0.0429321,0.0200416,-0.00869622,0,0,
5.46,2.93767,-3.21734,0.264908,0.0323817,-0.00188019,-0.00040716,-0.142392,-0.0431895,0.0198434,-0.00846453,0,0,
5.49,2.94562,-3.21636,0.264853,0.0323698,-0.00182416,-0.000398002,-0.1418,-0.04344,0.0196431,-0.00823689,0,0,
5.52,2.95356,-3.21539,0.2648,0.0323579,-0.00176903,-0.000395553,-0.141213,-0.0436837,0.0194407,-0.00801348,0,0,
5.55,2.96151,-3.21442,0.264748,0.0323469,-0.0017158,-0.000365876,-0.140633,-0.0439207,0.0192364,-0.00779356,0,0,
5.58,2.96945,-3.21345,0.264698,0.032336,-0.00166278,-0.000363451,-0.140059,-0.0441512,0.0190301,-0.00757789,0,0,
5.61,2.97739,-3.21248,0.26465,0.0323246,-0.0016102,-0.00038043,-0.139491,-0.0443753,0.0188217,-0.00736701,0,0,
5.64,2.98533,-3.21151,0.264603,0.0323137,-0.00155969,-0.000363815,-0.13893,-0.0445932,0.0186114,-0.00716001,0,0,
5.67,2.99327,-3.21054,0.264558,0.0323032,-0.00151008,-0.000350116,-0.138374,-0.0448049,0.0183993,-0.00695696,0,0,
5.7,3.0012,-3.20957,0.264514,0.0322948,-0.00146319,-0.00028128,-0.137825,-0.0450105,0.0181858,-0.00675635,0,0,
5.73,3.00914,-3.20861,0.264472,0.032286,-0.00141483,-0.000290878,-0.137283,-0.0452103,0.0179703,-0.00656035,0,0,
5.76,3.01707,-3.20764,0.264431,0.0322757,-0.00136602,-0.000345985,-0.136747,-0.0454041,0.0177529,-0.00637024,0,0,
5.79,3.02501,-3.20667,0.264391,0.0322657,-0.00132033,-0.000331003,-0.136218,-0.0455924,0.0175337,-0.00618408,0,0,
5.82,3.03294,-3.2057,0.264353,0.0322565,-0.00127587,-0.000307055,-0.135695,-0.0457751,0.0173131,-0.00600162,0,0,
5.85,3.04087,-3.20473,0.264316,0.0322478,-0.00123213,-0.000289474,-0.135179,-0.0459524,0.017091,-0.00582304,0,0,
5.88,3.0488,-3.20377,0.26428,0.0322404,-0.00119003,-0.000248832,-0.13467,-0.0461244,0.0168674,-0.00564771,0,0,
5.91,3.05673,-3.2028,0.264246,0.0322337,-0.00114834,-0.000223607,-0.134167,-0.0462913,0.0166425,-0.00547605,0,0,
5.94,3.06465,-3.20183,0.264213,0.0322277,-0.00110752,-0.000198865,-0.133671,-0.046453,0.0164161,-0.00530808,0,0,
5.97,3.07258,-3.20086,0.264181,0.032218,-0.0010629,-0.000322185,-0.133182,-0.0466098,0.0161878,-0.00514796,0,0,
6,3.08051,-3.1999,0.26415,0.0322093,-0.00102403,-0.000292476,-0.1327,-0.0467618,0.0159583,-0.00499141,0,0,
6.03,3.08843,-3.19893,0.26412,0.0321996,-0.000984131,-0.000322178,-0.132224,-0.0469092,0.0157275,-0.00484011,0,0,
6.06,3.09635,-3.19797,0.264092,0.0321921,-0.000948372,-0.000249611,-0.131756,-0.0470521,0.0154956,-0.00469117,0,0,
6.09,3.10428,-3.197,0.264065,0.0321872,-0.000913917,-0.000162572,-0.131294,-0.0471906,0.0152628,-0.00454419,0,0,
6.12,3.1122,-3.19603,0.264038,0.0321816,-0.000876651,-0.000188415,-0.13084,-0.0473247,0.0150287,-0.00440234,0,0,
6.15,3.12012,-3.19507,0.264013,0.0321758,-0.000840962,-0.000191501,-0.130393,-0.0474547,0.0147934,-0.004265,0,0,
6.18,3.12804,-3.1941,0.263989,0.0321698,-0.000805937,-0.00019988,-0.129952,-0.0475806,0.014557,-0.00413231,0,0,
6.21,3.13596,-3.19314,0.263966,0.0321657,-0.000774052,-0.000137002,-0.129519,-0.0477026,0.0143198,-0.00400226,0,0,
6.24,3.14388,-3.19217,0.263943,0.0321604,-0.00073962,-0.000177015,-0.129093,-0.0478208,0.0140814,-0.00387776,0,0,
6.27,3.1518,-3.19121,0.263922,0.0321547,-0.000706857,-0.000191054,-0.128674,-0.0479353,0.0138421,-0.00375808,0,0,
6.3,3.15971,-3.19024,0.263902,0.032149,-0.00067538,-0.000190855,-0.128263,-0.0480462,0.0136019,-0.00364283,0,0,
6.33,3.16763,-3.18928,0.263883,0.0321433,-0.000644732,-0.000189911,-0.127858,-0.0481538,0.013361,-0.00353197,0,0,
6.36,3.17555,-3.18832,0.263864,0.0321376,-0.000614882,-0.000189198,-0.127461,-0.0482581,0.0131193,-0.00342551,0,0,
6.39,3.18346,-3.18735,0.263847,0.0321319,-0.00058579,-0.000189759,-0.127071,-0.0483593,0.0128768,-0.0033235,0,0,
6.42,3.19138,-3.18639,0.26383,0.0321262,-0.000557564,-0.00018841,-0.126688,-0.0484575,0.0126338,-0.00322588,0,0,
6.45,3.19929,-3.18542,0.263814,0.0321207,-0.000530197,-0.000185104,-0.126313,-0.0485528,0.0123901,-0.00313258,0,0,
6.48,3.20721,-3.18446,0.263799,0.0321152,-0.000503603,-0.000182329,-0.125945,-0.0486454,0.0121459,-0.00304363,0,0,
6.51,3.21512,-3.1835,0.263784,0.0321101,-0.000478092,-0.000170755,-0.125584,-0.0487353,0.0119012,-0.00295877,0,0,
6.54,3.22304,-3.18253,0.263771,0.0321047,-0.000452635,-0.000181037,-0.125231,-0.0488228,0.0116561,-0.00287862,0,0,
6.57,3.23095,-3.18157,0.263758,0.032099,-0.000428079,-0.000187968,-0.124885,-0.048908,0.0114106,-0.00280308,0,0,
6.6,3.23886,-3.18061,0.263746,0.032095,-0.000406414,-0.000132819,-0.124546,-0.048991,0.0111646,-0.00273039,0,0,
6.63,3.24677,-3.17964,0.263734,0.0320908,-0.000383376,-0.000140542,-0.124215,-0.0490718,0.0109184,-0.00266232,0,0,
6.66,3.25469,-3.17868,0.263724,0.0320861,-0.000360794,-0.000157848,-0.123891,-0.0491507,0.010672,-0.00259915,0,0,
6.69,3.2626,-3.17772,0.263713,0.0320816,-0.000339819,-0.000151253,-0.123575,-0.0492277,0.0104254,-0.00254019,0,0,
6.72,3.27051,-3.17676,0.263704,0.0320782,-0.000320696,-0.000113346,-0.123266,-0.049303,0.0101785,-0.00248455,0,0,
6.75,3.27842,-3.17579,0.263695,0.0320745,-0.000300759,-0.000121443,-0.122964,-0.0493768,0.00993162,-0.00243353,0,0,
6.78,3.28633,-3.17483,0.263686,0.0320706,-0.000281606,-0.000129432,-0.12267,-0.049449,0.00968467,-0.00238712,0,0,
6.81,3.29424,-3.17387,0.263678,0.0320665,-0.000263204,-0.000138265,-0.122383,-0.0495199,0.00943776,-0.00234533,0,0,
6.84,3.30215,-3.17291,0.263671,0.0320601,-0.000243282,-0.000213398,-0.122103,-0.0495897,0.00919121,-0.00231002,0,0,
6.87,3.31006,-3.17195,0.263664,0.0320542,-0.00022739,-0.000195772,-0.121831,-0.0496584,0.00894478,-0.00227856,0,0,
6.9,3.31797,-3.17098,0.263658,0.032051,-0.000214763,-0.000106761,-0.121567,-0.0497263,0.0086982,-0.00224896,0,0,
6.93,3.32588,-3.17002,0.263652,0.0320484,-0.000200455,-8.72287e-05,-0.121309,-0.0497934,0.00845175,-0.00222315,0,0,
6.96,3.33379,-3.16906,0.263646,0.0320452,-0.000185545,-0.000106823,-0.12106,-0.0498597,0.00820564,-0.00220223,0,0,
6.99,3.3417,-3.1681,0.263641,0.0320433,-0.000173707,-6.1468e-05,-0.120817,-0.0499255,0.00795962,-0.00218437,0,0,
7.02,3.34961,-3.16714,0.263636,0.0320418,-0.000161422,-5.04893e-05,-0.120582,-0.0499908,0.00771389,-0.00217052,0,0,
7.05,3.35752,-3.16618,0.263632,0.0320401,-0.000149237,-5.86366e-05,-0.120354,-0.0500557,0.00746859,-0.00216121,0,0,
7.08,3.36543,-3.16522,0.263628,0.0320374,-0.000137085,-8.78408e-05,-0.120134,-0.0501204,0.0072239,-0.00215701,0,0,
7.11,3.37334,-3.16425,0.263624,0.0320336,-0.000125368,-0.000126991,-0.119921,-0.0501851,0.00697996,-0.00215818,0,0,
7.14,3.38125,-3.16329,0.26362,0.0320298,-0.000115873,-0.000126005,-0.119715,-0.0502499,0.00673661,-0.00216359,0,0,
7.17,3.38915,-3.16233,0.263617,0.0320264,-0.000107488,-0.000115856,-0.119517,-0.0503149,0.00649385,-0.00217297,0,0,
7.2,3.39706,-3.16137,0.263614,0.0320231,-9.97231e-05,-0.000110184,-0.119326,-0.0503802,0.00625175,-0.00218644,0,0,
7.23,3.40497,-3.16041,0.263611,0.032021,-9.39948e-05,-6.95238e-05,-0.119142,-0.050446,0.00601012,-0.00220301,0,0,
7.26,3.41288,-3.15945,0.263609,0.0320184,-8.70001e-05,-8.56876e-05,-0.118965,-0.0505124,0.00576937,-0.00222425,0,0,
7.29,3.42079,-3.15849,0.263606,0.0320156,-8.10638e-05,-9.44278e-05,-0.118795,-0.0505795,0.00552951,-0.00224993,0,0,
7.32,3.4287,-3.15753,0.263604,0.0320125,-7.59867e-05,-0.000101221,-0.118633,-0.0506474,0.0052906,-0.00227998,0,0,
7.35,3.4366,-3.15657,0.263602,0.0320092,-7.16274e-05,-0.000110011,-0.118478,-0.0507162,0.0050527,-0.00231443,0,0,
7.38,3.44451,-3.15561,0.2636,0.0320064,-6.89269e-05,-9.48873e-05,-0.11833,-0.0507862,0.00481569,-0.00235262,0,0,
7.41,3.45242,-3.15465,0.263598,0.0320031,-6.59597e-05,-0.000108747,-0.118189,-0.0508574,0.00457984,-0.00239532,0,0,
7.44,3.46033,-3.15369,0.263596,0.0320002,-6.47273e-05,-9.67554e-05,-0.118055,-0.0509299,0.00434499,-0.00244181,0,0,
7.47,3.46824,-3.15273,0.263594,0.0319977,-6.43e-05,-8.43892e-05,-0.117928,-0.0510038,0.00411119,-0.00249206,0,0,
7.5,3.47614,-3.15177,0.263592,0.0319953,-6.43631e-05,-8.02906e-05,-0.117809,-0.0510794,0.00387853,-0.00254627,0,0,
7.53,3.48405,-3.15081,0.26359,0.0319928,-6.50273e-05,-8.14779e-05,-0.117696,-0.0511566,0.00364713,-0.00260458,0,0,
7.56,3.49196,-3.14985,0.263588,0.0319903,-6.64157e-05,-8.46548e-05,-0.11759,-0.0512356,0.00341705,-0.00266702,0,0,
7.59,3.49987,-3.14889,0.263586,0.0319878,-6.8837e-05,-8.14405e-05,-0.117491,-0.0513166,0.00318828,-0.00273339,0,0,
7.62,3.50777,-3.14793,0.263584,0.0319855,-7.20971e-05,-7.7153e-05,-0.117398,-0.0513996,0.00296086,-0.00280364,0,0,
7.65,3.51568,-3.14697,0.263582,0.0319832,-7.59506e-05,-7.85031e-05,-0.117313,-0.0514848,0.00273488,-0.00287791,0,0,
7.68,3.52359,-3.14601,0.263579,0.0319806,-8.04082e-05,-8.52171e-05,-0.117234,-0.0515723,0.00251047,-0.0029563,0,0,
7.71,3.5315,-3.14505,0.263577,0.031978,-8.57909e-05,-8.86479e-05,-0.117162,-0.0516622,0.00228763,-0.00303872,0,0,
7.74,3.5394,-3.14409,0.263574,0.0319753,-9.20774e-05,-8.94007e-05,-0.117097,-0.0517546,0.0020664,-0.00312505,0,0,
7.77,3.54731,-3.14313,0.263571,0.0319724,-9.89024e-05,-9.73747e-05,-0.117038,-0.0518496,0.0018469,-0.00321548,0,0,
7.8,3.55522,-3.14217,0.263568,0.0319689,-0.000106164,-0.000115314,-0.116986,-0.0519475,0.00162929,-0.00331023,0,0,
7.83,3.56313,-3.14121,0.263564,0.0319661,-0.000115665,-9.47141e-05,-0.116941,-0.0520482,0.00141321,-0.00340826,0,0,
7.86,3.57103,-3.14026,0.26356,0.0319628,-0.000124676,-0.000109161,-0.116902,-0.052152,0.00119908,-0.00351047,0,0,
7.89,3.57894,-3.1393,0.263556,0.0319594,-0.000134915,-0.000112356,-0.116869,-0.0522588,0.000986846,-0.00361653,0,0,
7.92,3.58685,-3.13834,0.263552,0.0319556,-0.000145569,-0.000126185,-0.116842,-0.0523689,0.000776676,-0.00372668,0,0,
7.95,3.59475,-3.13738,0.263547,0.0319524,-0.00015827,-0.000106886,-0.116822,-0.0524824,0.000568217,-0.00384005,0,0,
7.98,3.60266,-3.13642,0.263542,0.031949,-0.000170865,-0.000112354,-0.116808,-0.0525993,0.000361814,-0.00395725,0,0,
8.01,3.61057,-3.13546,0.263537,0.0319457,-0.000184562,-0.000110212,-0.1168,-0.0527198,0.00015742,-0.00407805,0,0,
8.04,3.61847,-3.1345,0.263531,0.0319427,-0.000199339,-0.000101127,-0.116799,-0.0528439,-4.5013e-05,-0.00420225,0,0,
8.07,3.62638,-3.13355,0.263524,0.0319395,-0.000214419,-0.000105955,-0.116803,-0.0529719,-0.000245261,-0.00433017,0,0,
8.1,3.63428,-3.13259,0.263517,0.0319365,-0.000230726,-9.99791e-05,-0.116814,-0.0531037,-0.000443421,-0.0044615,0,0,
8.13,3.64219,-3.13163,0.26351,0.0319334,-0.000247497,-0.000103699,-0.11683,-0.0532396,-0.00063932,-0.00459647,0,0,
8.16,3.65009,-3.13067,0.263502,0.0319309,-0.000265924,-8.52546e-05,-0.116852,-0.0533795,-0.000833223,-0.00473449,0,0,
8.19,3.658,-3.12971,0.263493,0.0319283,-0.000284503,-8.51518e-05,-0.11688,-0.0535236,-0.00102484,-0.00487598,0,0,
8.22,3.6659,-3.12876,0.263484,0.0319254,-0.000303449,-9.75261e-05,-0.116913,-0.0536721,-0.00121394,-0.00502123,0,0,
8.25,3.67381,-3.1278,0.263475,0.0319223,-0.000323525,-0.000101966,-0.116953,-0.0538249,-0.00140059,-0.00516998,0,0,
8.28,3.68171,-3.12684,0.263464,0.0319191,-0.00034443,-0.000106499,-0.116997,-0.0539823,-0.00158475,-0.00532222,0,0,
8.31,3.68962,-3.12588,0.263453,0.0319156,-0.000365905,-0.000118191,-0.117048,-0.0541442,-0.00176626,-0.00547808,0,0,
8.34,3.69752,-3.12493,0.263442,0.0319118,-0.000388342,-0.000126616,-0.117103,-0.0543109,-0.00194511,-0.00563743,0,0,
8.37,3.70542,-3.12397,0.263429,0.0319075,-0.000411266,-0.000144371,-0.117164,-0.0544825,-0.00212111,-0.00580046,0,0,
8.4,3.71333,-3.12301,0.263416,0.0319029,-0.000435446,-0.000150986,-0.117231,-0.0546589,-0.00229439,-0.00596686,0,0,
8.43,3.72123,-3.12205,0.263402,0.0318982,-0.000460438,-0.000158353,-0.117302,-0.0548404,-0.00246488,-0.00613661,0,0,
8.46,3.72913,-3.1211,0.263388,0.0318934,-0.000486464,-0.00016058,-0.117379,-0.0550271,-0.00263263,-0.00630954,0,0,
8.49,3.73703,-3.12014,0.263372,0.0318884,-0.000513195,-0.000166805,-0.11746,-0.055219,-0.00279751,-0.0064857,0,0,
8.52,3.74493,-3.11918,0.263356,0.0318837,-0.000541405,-0.000156196,-0.117547,-0.0554162,-0.00295978,-0.00666467,0,0,
8.55,3.75283,-3.11823,0.263339,0.0318788,-0.000569908,-0.00016097,-0.117638,-0.0556189,-0.00311914,-0.00684677,0,0,
8.58,3.76073,-3.11727,0.263321,0.0318738,-0.00059922,-0.00016722,-0.117734,-0.055827,-0.00327553,-0.00703198,0,0,
8.61,3.76863,-3.11631,0.263302,0.0318688,-0.000629671,-0.000165937,-0.117834,-0.0560408,-0.00342903,-0.0072201,0,0,
8.64,3.77653,-3.11536,0.263282,0.0318637,-0.000660715,-0.000172006,-0.117939,-0.0562602,-0.00357947,-0.00741124,0,0,
8.67,3.78443,-3.1144,0.263262,0.0318584,-0.000692641,-0.000177694,-0.118049,-0.0564854,-0.00372683,-0.00760535,0,0,
8.7,3.79233,-3.11345,0.26324,0.031853,-0.000725603,-0.000179116,-0.118163,-0.0567165,-0.00387114,-0.00780229,0,0,
8.73,3.80023,-3.11249,0.263217,0.0318472,-0.000759054,-0.000191073,-0.118281,-0.0569535,-0.00401218,-0.00800225,0,0,
8.76,3.80812,-3.11154,0.263193,0.0318416,-0.000793925,-0.00018835,-0.118404,-0.0571966,-0.00415016,-0.00820486,0,0,
8.79,3.81602,-3.11058,0.263168,0.0318358,-0.00082937,-0.000194372,-0.11853,-0.0574458,-0.0042849,-0.00841027,0,0,
8.82,3.82391,-3.10962,0.263142,0.0318297,-0.000865677,-0.000201209,-0.118661,-0.0577012,-0.00441634,-0.00861844,0,0,
8.85,3.83181,-3.10867,0.263115,0.0318234,-0.000902758,-0.000211351,-0.118795,-0.0579629,-0.00454438,-0.0088294,0,0,
8.88,3.8397,-3.10772,0.263087,0.031817,-0.000941019,-0.000213779,-0.118934,-0.058231,-0.00466912,-0.00904293,0,0,
8.91,3.84759,-3.10676,0.263058,0.0318103,-0.00097992,-0.000223686,-0.119076,-0.0585055,-0.0047904,-0.00925914,0,0,
8.94,3.85549,-3.10581,0.263027,0.0318034,-0.0010199,-0.000228947,-0.119221,-0.0587865,-0.00490827,-0.00947788,0,0,
8.97,3.86338,-3.10485,0.262995,0.0317964,-0.00106085,-0.000233133,-0.11937,-0.0590742,-0.0050227,-0.00969908,0,0,
9,3.87127,-3.1039,0.262962,0.0317892,-0.00110259,-0.000240952,-0.119523,-0.0593685,-0.0051336,-0.00992276,0,0,
9.03,3.87916,-3.10294,0.262928,0.0317817,-0.00114531,-0.000247557,-0.119678,-0.0596695,-0.00524096,-0.0101488,0,0,
9.06,3.88704,-3.10199,0.262892,0.0317741,-0.00118899,-0.000253489,-0.119837,-0.0599774,-0.00534476,-0.0103773,0,0,
9.09,3.89493,-3.10104,0.262855,0.0317662,-0.00123347,-0.000263772,-0.119999,-0.0602921,-0.00544487,-0.0106081,0,0,
9.12,3.90282,-3.10009,0.262817,0.0317581,-0.00127902,-0.000271125,-0.120164,-0.0606139,-0.00554133,-0.0108411,0,0,
9.15,3.9107,-3.09913,0.262777,0.0317497,-0.00132552,-0.000278549,-0.120331,-0.0609426,-0.0056341,-0.0110764,0,0,
9.18,3.91858,-3.09818,0.262736,0.0317412,-0.00137305,-0.000284914,-0.120502,-0.0612785,-0.00572317,-0.0113137,0,0,
9.21,3.92647,-3.09723,0.262693,0.0317324,-0.00142146,-0.000294174,-0.120675,-0.0616214,-0.00580845,-0.0115532,0,0,
9.24,3.93435,-3.09628,0.262649,0.0317232,-0.00147084,-0.000304539,-0.12085,-0.0619717,-0.0058899,-0.0117948,0,0,
9.27,3.94223,-3.09532,0.262603,0.0317138,-0.00152128,-0.000312844,-0.121028,-0.0623291,-0.00596753,-0.0120384,0,0,
9.3,3.9501,-3.09437,0.262556,0.0317042,-0.00157269,-0.000322876,-0.121209,-0.062694,-0.00604126,-0.012284,0,0,
9.33,3.95798,-3.09342,0.262507,0.0316942,-0.00162516,-0.000331555,-0.121391,-0.0630662,-0.00611111,-0.0125314,0,0,
9.36,3.96586,-3.09247,0.262457,0.031684,-0.00167871,-0.000339414,-0.121575,-0.0634459,-0.00617707,-0.0127806,0,0,
9.39,3.97373,-3.09152,0.262405,0.0316734,-0.00173312,-0.000353021,-0.121762,-0.063833,-0.00623898,-0.0130317,0,0,
9.42,3.9816,-3.09057,0.262351,0.0316625,-0.0017887,-0.000362932,-0.12195,-0.0642278,-0.0062969,-0.0132845,0,0,
9.45,3.98947,-3.08962,0.262296,0.0316513,-0.00184532,-0.000374158,-0.12214,-0.0646301,-0.00635077,-0.013539,0,0,
9.48,3.99734,-3.08867,0.262239,0.0316398,-0.00190307,-0.000383977,-0.122331,-0.0650401,-0.00640062,-0.0137951,0,0,
9.51,4.00521,-3.08772,0.26218,0.0316278,-0.00196171,-0.000399594,-0.122524,-0.0654579,-0.00644627,-0.0140528,0,0,
9.54,4.01307,-3.08677,0.262119,0.0316156,-0.00202169,-0.000408497,-0.122718,-0.0658833,-0.00648786,-0.0143119,0,0,
9.57,4.02094,-3.08582,0.262057,0.031603,-0.0020828,-0.000417629,-0.122913,-0.0663166,-0.00652538,-0.0145725,0,0,
9.6,4.0288,-3.08488,0.261993,0.0315901,-0.00214484,-0.000432463,-0.123109,-0.0667577,-0.00655865,-0.0148344,0,0,
9.63,4.03666,-3.08393,0.261926,0.0315767,-0.00220806,-0.000446194,-0.123307,-0.0672067,-0.0065877,-0.0150977,0,0,
9.66,4.04452,-3.08298,0.261858,0.031563,-0.00227264,-0.000454372,-0.123505,-0.0676636,-0.00661264,-0.0153622,0,0,
9.69,4.05237,-3.08203,0.261788,0.031549,-0.00233821,-0.000468193,-0.123704,-0.0681285,-0.0066333,-0.0156279,0,0,
9.72,4.06023,-3.08109,0.261716,0.0315346,-0.00240503,-0.00047967,-0.123903,-0.0686013,-0.00664975,-0.0158946,0,0,
9.75,4.06808,-3.08014,0.261642,0.0315198,-0.00247296,-0.000493894,-0.124103,-0.0690822,-0.00666188,-0.0161625,0,0,
9.78,4.07593,-3.0792,0.261565,0.0315044,-0.00254193,-0.000512487,-0.124303,-0.0695712,-0.0066696,-0.0164314,0,0,
9.81,4.08377,-3.07825,0.261487,0.0314888,-0.00261244,-0.000521104,-0.124503,-0.0700682,-0.00667311,-0.0167011,0,0,
9.84,4.09162,-3.07731,0.261407,0.031473,-0.00268431,-0.000526708,-0.124703,-0.0705733,-0.00667248,-0.0169716,0,0,
9.87,4.09946,-3.07636,0.261324,0.0314568,-0.00275729,-0.000537748,-0.124904,-0.0710865,-0.00666758,-0.0172428,0,0,
9.9,4.1073,-3.07542,0.261239,0.0314403,-0.0028314,-0.000552241,-0.125104,-0.0716079,-0.00665831,-0.0175148,0,0,
9.93,4.11514,-3.07447,0.261152,0.0314233,-0.00290675,-0.000567278,-0.125303,-0.0721375,-0.00664465,-0.0177874,0,0,
9.96,4.12297,-3.07353,0.261062,0.0314058,-0.0029834,-0.000580876,-0.125503,-0.0726753,-0.00662662,-0.0180606,0,0,
9.99,4.1308,-3.07259,0.26097,0.0313879,-0.00306118,-0.000597948,-0.125701,-0.0732212,-0.00660414,-0.0183343,0,0,
10.02,4.13863,-3.07165,0.260876,0.0313695,-0.0031403,-0.000612452,-0.125899,-0.0737754,-0.00657726,-0.0186085,0,0,
10.05,4.14646,-3.07071,0.26078,0.0313508,-0.00322082,-0.000622911,-0.126096,-0.0743379,-0.00654608,-0.018883,0,0,
10.08,4.15428,-3.06977,0.26068,0.0313317,-0.00330243,-0.000638859,-0.126292,-0.0749085,-0.00651045,-0.0191578,0,0,
10.11,4.1621,-3.06883,0.260579,0.0313119,-0.00338508,-0.000660394,-0.126487,-0.0754875,-0.00647024,-0.019433,0,0,
10.14,4.16992,-3.06789,0.260475,0.0312916,-0.00346913,-0.000675678,-0.12668,-0.0760746,-0.0064256,-0.0197082,0,0,
10.17,4.17773,-3.06695,0.260368,0.0312708,-0.00355436,-0.000692068,-0.126873,-0.0766701,-0.00637649,-0.0199836,0,0,
10.2,4.18555,-3.06601,0.260259,0.0312496,-0.00364085,-0.000707618,-0.127063,-0.0772738,-0.00632296,-0.020259,0,0,
10.23,4.19335,-3.06507,0.260147,0.0312279,-0.0037285,-0.000723973,-0.127252,-0.0778858,-0.00626496,-0.0205344,0,0,
10.26,4.20116,-3.06414,0.260033,0.0312057,-0.00381738,-0.000739511,-0.127439,-0.078506,-0.00620254,-0.0208096,0,0,
10.29,4.20896,-3.0632,0.259915,0.031183,-0.00390734,-0.000756665,-0.127625,-0.0791345,-0.00613564,-0.0210846,0,0,
10.32,4.21676,-3.06226,0.259795,0.0311598,-0.00399849,-0.000772566,-0.127808,-0.0797713,-0.00606432,-0.0213594,0,0,
10.35,4.22455,-3.06133,0.259673,0.0311362,-0.00409079,-0.000787815,-0.127989,-0.0804163,-0.00598859,-0.0216338,0,0,
10.38,4.23234,-3.0604,0.259547,0.0311121,-0.00418414,-0.000804391,-0.128167,-0.0810695,-0.00590842,-0.0219077,0,0,
10.41,4.24013,-3.05946,0.259419,0.0310875,-0.00427872,-0.000818037,-0.128343,-0.081731,-0.00582391,-0.0221812,0,0,
10.44,4.24791,-3.05853,0.259288,0.0310624,-0.00437406,-0.000837969,-0.128517,-0.0824006,-0.0057349,-0.0224541,0,0,
10.47,4.25569,-3.0576,0.259153,0.0310368,-0.00447062,-0.000853,-0.128688,-0.0830785,-0.00564153,-0.0227264,0,0,
10.5,4.26346,-3.05667,0.259016,0.0310107,-0.0045682,-0.00086783,-0.128856,-0.0837645,-0.00554382,-0.0229979,0,0,
10.53,4.27123,-3.05574,0.258876,0.0309842,-0.00466672,-0.0008833,-0.129021,-0.0844586,-0.00544176,-0.0232686,0,0,
10.56,4.279,-3.05481,0.258733,0.0309573,-0.00476612,-0.000899571,-0.129183,-0.0851609,-0.00533535,-0.0235385,0,0,
10.59,4.28676,-3.05388,0.258587,0.0309298,-0.00486645,-0.000914911,-0.129341,-0.0858712,-0.00522463,-0.0238074,0,0,
10.62,4.29452,-3.05295,0.258438,0.0309019,-0.00496757,-0.000931789,-0.129496,-0.0865896,-0.00510958,-0.0240754,0,0,
10.65,4.30227,-3.05202,0.258286,0.0308734,-0.00506948,-0.000948256,-0.129648,-0.087316,-0.00499023,-0.0243422,0,0,
10.68,4.31002,-3.0511,0.258131,0.0308445,-0.00517228,-0.000962647,-0.129796,-0.0880505,-0.00486665,-0.0246079,0,0,
10.71,4.31776,-3.05017,0.257973,0.0308151,-0.00527561,-0.000980578,-0.12994,-0.0887929,-0.00473876,-0.0248724,0,0,
10.74,4.3255,-3.04925,0.257811,0.0307852,-0.00537978,-0.000995772,-0.130081,-0.0895432,-0.00460667,-0.0251356,0,0,
10.77,4.33324,-3.04832,0.257647,0.0307549,-0.00548458,-0.00101103,-0.130217,-0.0903014,-0.0044704,-0.0253974,0,0,
10.8,4.34097,-3.0474,0.257479,0.0307242,-0.00559011,-0.00102527,-0.130349,-0.0910674,-0.00432999,-0.0256578,0,0,
10.83,4.34869,-3.04648,0.257308,0.030693,-0.0056964,-0.00103726,-0.130477,-0.0918412,-0.00418554,-0.0259167,0,0,
10.86,4.35641,-3.04556,0.257134,0.0306614,-0.00580299,-0.00105421,-0.130601,-0.0926228,-0.00403694,-0.026174,0,0,
10.89,4.36413,-3.04464,0.256957,0.0306294,-0.00591029,-0.00106748,-0.13072,-0.0934121,-0.00388431,-0.0264297,0,0,
10.92,4.37183,-3.04372,0.256776,0.0305969,-0.00601793,-0.00108327,-0.130834,-0.0942091,-0.00372762,-0.0266837,0,0,
10.95,4.37954,-3.0428,0.256593,0.0305639,-0.00612607,-0.00109807,-0.130944,-0.0950136,-0.00356691,-0.0269359,0,0,
10.98,4.38724,-3.04189,0.256406,0.0305306,-0.00623471,-0.00111184,-0.131049,-0.0958257,-0.00340227,-0.0271862,0,0,
11.01,4.39493,-3.04097,0.256215,0.0304968,-0.00634378,-0.00112536,-0.131148,-0.0966453,-0.00323371,-0.0274347,0,0,
11.04,4.40261,-3.04005,0.256022,0.0304626,-0.0064532,-0.00113936,-0.131243,-0.0974723,-0.00306126,-0.0276812,0,0,
11.07,4.41029,-3.03914,0.255825,0.0304281,-0.00656304,-0.00115226,-0.131332,-0.0983067,-0.00288498,-0.0279257,0,0,
11.1,4.41797,-3.03823,0.255625,0.0303931,-0.00667317,-0.00116561,-0.131416,-0.0991484,-0.00270491,-0.0281681,0,0,
11.13,4.42564,-3.03732,0.255421,0.0303577,-0.00678351,-0.00117993,-0.131495,-0.0999974,-0.00252104,-0.0284083,0,0,
11.16,4.4333,-3.03641,0.255214,0.0303219,-0.00689413,-0.00119371,-0.131568,-0.100854,-0.00233343,-0.0286464,0,0,
11.19,4.44096,-3.0355,0.255004,0.0302857,-0.00700489,-0.00120828,-0.131635,-0.101717,-0.0021421,-0.0288821,0,0,
11.22,4.44861,-3.03459,0.254791,0.030249,-0.00711586,-0.00122227,-0.131697,-0.102587,-0.00194709,-0.0291156,0,0,
11.25,4.45625,-3.03368,0.254574,0.0302119,-0.00722713,-0.00123517,-0.131752,-0.103464,-0.00174848,-0.0293467,0,0,
11.28,4.46389,-3.03277,0.254354,0.0301744,-0.00733832,-0.00125025,-0.131802,-0.104349,-0.00154626,-0.0295753,0,0,
11.31,4.47152,-3.03187,0.25413,0.0301364,-0.00744946,-0.00126636,-0.131846,-0.10524,-0.00134042,-0.0298015,0,0,
11.34,4.47914,-3.03096,0.253903,0.0300981,-0.00756107,-0.00127879,-0.131883,-0.106137,-0.00113112,-0.0300251,0,0,
11.37,4.48676,-3.03006,0.253673,0.0300593,-0.00767267,-0.00129231,-0.131914,-0.107042,-0.00091837,-0.0302461,0,0,
11.4,4.49437,-3.02916,0.25344,0.0300201,-0.00778413,-0.00130763,-0.131938,-0.107953,-0.000702162,-0.0304644,0,0,
11.43,4.50197,-3.02826,0.253203,0.0299804,-0.00789571,-0.00132185,-0.131956,-0.108871,-0.000482572,-0.0306801,0,0,
11.46,4.50957,-3.02736,0.252963,0.0299404,-0.00800741,-0.00133535,-0.131968,-0.109795,-0.000259667,-0.0308929,0,0,
11.49,4.51716,-3.02646,0.252719,0.0298999,-0.00811913,-0.00134889,-0.131972,-0.110725,-3.34903e-05,-0.031103,0,0,
11.52,4.52474,-3.02556,0.252472,0.0298589,-0.00823019,-0.00136652,-0.13197,-0.111662,0.000196026,-0.0313102,0,0,
11.55,4.53231,-3.02467,0.252222,0.0298175,-0.00834163,-0.00138078,-0.131961,-0.112604,0.000428739,-0.0315145,0,0,
11.58,4.53988,-3.02377,0.251968,0.0297757,-0.00845333,-0.00139344,-0.131944,-0.113553,0.000664554,-0.0317159,0,0,
11.61,4.54744,-3.02288,0.251711,0.0297334,-0.0085647,-0.00140782,-0.131921,-0.114508,0.00090347,-0.0319142,0,0,
11.64,4.55499,-3.02199,0.251451,0.0296909,-0.00867706,-0.00141689,-0.13189,-0.115469,0.00114528,-0.0321094,0,0,
11.67,4.56253,-3.0211,0.251187,0.029648,-0.00878852,-0.00143068,-0.131853,-0.116436,0.00139008,-0.0323016,0,0,
11.7,4.57007,-3.02021,0.25092,0.0296047,-0.00889986,-0.00144475,-0.131807,-0.117408,0.00163782,-0.0324906,0,0,
11.73,4.5776,-3.01932,0.25065,0.0295609,-0.00901114,-0.00145983,-0.131755,-0.118386,0.00188847,-0.0326764,0,0,
11.76,4.58512,-3.01843,0.250376,0.0295168,-0.00912334,-0.00146943,-0.131694,-0.11937,0.00214183,-0.032859,0,0,
11.79,4.59263,-3.01755,0.250099,0.0294722,-0.00923429,-0.00148536,-0.131626,-0.120359,0.00239802,-0.0330383,0,0,
11.82,4.60013,-3.01666,0.249819,0.0294271,-0.00934402,-0.00150486,-0.131551,-0.121353,0.00265709,-0.0332143,0,0,
11.85,4.60763,-3.01578,0.249535,0.0293814,-0.00945419,-0.00152138,-0.131467,-0.122353,0.00291891,-0.033387,0,0,
11.88,4.61511,-3.0149,0.249248,0.0293354,-0.00956539,-0.00153376,-0.131376,-0.123358,0.00318329,-0.0335562,0,0,
11.91,4.62259,-3.01402,0.248958,0.0292889,-0.00967466,-0.00155159,-0.131276,-0.124367,0.00345034,-0.033722,0,0,
11.94,4.63006,-3.01314,0.248665,0.0292419,-0.00978429,-0.00156611,-0.131169,-0.125382,0.00371992,-0.0338844,0,0,
11.97,4.63752,-3.01226,0.248368,0.0291946,-0.00989452,-0.00157776,-0.131053,-0.126402,0.00399186,-0.0340432,0,0,
12,4.64497,-3.01139,0.248068,0.0291469,-0.0100043,-0.0015902,-0.13093,-0.127426,0.00426616,-0.0341985,0,0,
12.03,4.65241,-3.01051,0.247764,0.0290988,-0.0101141,-0.00160198,-0.130798,-0.128455,0.00454272,-0.0343501,0,0,
12.06,4.65984,-3.00964,0.247458,0.0290503,-0.0102231,-0.00161548,-0.130657,-0.129488,0.00482153,-0.0344982,0,0,
12.09,4.66727,-3.00877,0.247147,0.0290016,-0.0103346,-0.00162553,-0.130508,-0.130526,0.00510244,-0.0346427,0,0,
12.12,4.67468,-3.0079,0.246834,0.0289524,-0.0104438,-0.00163903,-0.130351,-0.131568,0.00538549,-0.0347834,0,0,
12.15,4.68209,-3.00703,0.246454,0.0289179,-0.0126665,-0.00115028,-0.130185,-0.132614,0.00564812,-0.0349137,0,0,
12.18,4.68948,-3.00616,0.246122,0.0288639,-0.011074,-0.00180091,-0.130012,-0.133664,0.00593727,-0.0350452,0,0,
12.21,4.69686,-3.0053,0.245791,0.0288097,-0.0110446,-0.00180383,-0.129829,-0.134718,0.0062286,-0.0351735,0,0,
12.24,4.70424,-3.00443,0.24546,0.0287555,-0.011016,-0.00180888,-0.129638,-0.135776,0.00652211,-0.0352985,0,0,
12.27,4.7116,-3.00357,0.245131,0.0287011,-0.0109881,-0.00181264,-0.128598,-0.136838,0.00681772,-0.0352141,0,0,
12.3,4.71896,-3.00271,0.244798,0.0286471,-0.0110968,-0.00180106,-0.129229,-0.137903,0.00711438,-0.0355379,0,0,
12.33,4.7263,-3.00185,0.244461,0.0285932,-0.0112052,-0.00179428,-0.129011,-0.138971,0.00741218,-0.0356519,0,0,
12.36,4.73363,-3.00099,0.244122,0.0285395,-0.0113145,-0.00179178,-0.128785,-0.140043,0.00771116,-0.0357621,0,0,
12.39,4.74096,-3.00013,0.243779,0.0284857,-0.0114236,-0.001794,-0.128549,-0.141119,0.0080114,-0.0358683,0,0,
12.42,4.74827,-2.99928,0.243433,0.0284318,-0.0115308,-0.00179572,-0.128304,-0.142197,0.00831282,-0.0359707,0,0,
12.45,4.75557,-2.99843,0.243084,0.0283777,-0.0116387,-0.00180288,-0.12805,-0.143278,0.00861552,-0.0360691,0,0,
12.48,4.76287,-2.99758,0.242732,0.0283233,-0.0117482,-0.00181385,-0.127787,-0.144363,0.00891952,-0.0361635,0,0,
12.51,4.77015,-2.99673,0.242376,0.0282686,-0.0118544,-0.00182215,-0.127515,-0.14545,0.00922471,-0.036254,0,0,
12.54,4.77742,-2.99588,0.242017,0.0282137,-0.0119618,-0.00183204,-0.127233,-0.14654,0.00953105,-0.0363405,0,0,
12.57,4.78468,-2.99503,0.241655,0.0281582,-0.0120695,-0.00184742,-0.126943,-0.147632,0.00983864,-0.036423,0,0,
12.6,4.79193,-2.99419,0.24129,0.0281026,-0.0121758,-0.00185519,-0.126643,-0.148727,0.0101472,-0.0365015,0,0,
12.63,4.79917,-2.99334,0.240921,0.0280465,-0.0122829,-0.00186952,-0.126334,-0.149824,0.0104568,-0.0365759,0,0,
12.66,4.8064,-2.9925,0.24055,0.02799,-0.0123891,-0.00188279,-0.126015,-0.150923,0.0107675,-0.0366462,0,0,
12.69,4.81361,-2.99166,0.240175,0.0279332,-0.0124949,-0.00189285,-0.125688,-0.152024,0.011079,-0.0367125,0,0,
12.72,4.82082,-2.99082,0.239797,0.0278761,-0.0126005,-0.00190414,-0.125351,-0.153128,0.0113913,-0.0367747,0,0,
12.75,4.82801,-2.98999,0.239416,0.0278187,-0.0127058,-0.00191433,-0.125004,-0.154233,0.0117043,-0.0368329,0,0,
12.78,4.83519,-2.98915,0.239031,0.0277609,-0.0128108,-0.00192515,-0.124648,-0.155339,0.012018,-0.036887,0,0,
12.81,4.84237,-2.98832,0.238644,0.0277028,-0.0129156,-0.00193725,-0.124283,-0.156448,0.0123323,-0.036937,0,0,
12.84,4.84952,-2.98749,0.238253,0.0276444,-0.0130194,-0.00194567,-0.123908,-0.157557,0.0126471,-0.036983,0,0,
12.87,4.85667,-2.98666,0.23786,0.0275857,-0.0131233,-0.00195693,-0.123524,-0.158669,0.0129624,-0.0370248,0,0,
12.9,4.86381,-2.98583,0.237463,0.0275268,-0.0132264,-0.00196583,-0.12313,-0.159781,0.0132781,-0.0370626,0,0,
12.93,4.87093,-2.98501,0.237063,0.0274675,-0.0133293,-0.00197644,-0.122727,-0.160894,0.0135941,-0.0370964,0,0,
12.96,4.87804,-2.98418,0.23666,0.0274079,-0.013432,-0.00198605,-0.122314,-0.162009,0.0139104,-0.037126,0,0,
12.99,4.88514,-2.98336,0.236254,0.027348,-0.0135342,-0.00199593,-0.121892,-0.163124,0.0142268,-0.0371516,0,0,
13.02,4.89223,-2.98254,0.235845,0.0272878,-0.013636,-0.00200577,-0.12146,-0.16424,0.0145435,-0.0371731,0,0,
13.05,4.89931,-2.98172,0.235433,0.0272273,-0.0137374,-0.00201626,-0.121019,-0.165356,0.0148602,-0.0371905,0,0,
13.08,4.90637,-2.98091,0.235018,0.0271665,-0.0138386,-0.00202859,-0.120568,-0.166473,0.015177,-0.0372038,0,0,
13.11,4.91342,-2.98009,0.234599,0.0271053,-0.0139392,-0.00203821,-0.120108,-0.16759,0.0154937,-0.0372131,0,0,
13.14,4.92046,-2.97928,0.234178,0.0270439,-0.0140395,-0.00204788,-0.119638,-0.168708,0.0158103,-0.0372184,0,0,
13.17,4.92748,-2.97847,0.233754,0.0269822,-0.0141393,-0.0020578,-0.119158,-0.169826,0.0161268,-0.0372196,0,0,
13.2,4.9345,-2.97766,0.233327,0.0269201,-0.0142389,-0.00206932,-0.11867,-0.170943,0.0164431,-0.0372167,0,0,
13.23,4.9415,-2.97685,0.232897,0.0268578,-0.0143378,-0.00207711,-0.118171,-0.172061,0.016759,-0.0372099,0,0,
13.26,4.94848,-2.97604,0.232464,0.0267952,-0.0144363,-0.00208603,-0.117663,-0.173178,0.0170746,-0.037199,0,0,
13.29,4.95546,-2.97524,0.232028,0.0267324,-0.0145343,-0.00209444,-0.117146,-0.174295,0.0173897,-0.0371842,0,0,
13.32,4.96242,-2.97444,0.231589,0.0266692,-0.014632,-0.00210517,-0.116619,-0.175411,0.0177043,-0.0371654,0,0,
13.35,4.96936,-2.97364,0.231147,0.0266057,-0.0147292,-0.00211563,-0.116083,-0.176527,0.0180184,-0.0371426,0,0,
13.38,4.9763,-2.97284,0.230702,0.026542,-0.0148258,-0.00212414,-0.115538,-0.177642,0.018332,-0.0371158,0,0,
13.41,4.98322,-2.97204,0.230254,0.026478,-0.014922,-0.00213406,-0.114983,-0.178756,0.0186448,-0.0370852,0,0,
13.44,4.99013,-2.97125,0.229804,0.0264137,-0.0150175,-0.00214145,-0.114418,-0.179869,0.0189569,-0.0370506,0,0,
13.47,4.99702,-2.97046,0.22935,0.0263491,-0.0151128,-0.00215376,-0.113844,-0.180982,0.0192683,-0.0370121,0,0,
13.5,5.0039,-2.96967,0.228894,0.0262842,-0.0152075,-0.00216371,-0.113261,-0.182093,0.0195789,-0.0369696,0,0,
13.53,5.01077,-2.96888,0.228435,0.026219,-0.0153017,-0.00217265,-0.112669,-0.183202,0.0198886,-0.0369234,0,0,
13.56,5.01762,-2.96809,0.227973,0.0261536,-0.0153953,-0.00218132,-0.112067,-0.18431,0.0201973,-0.0368733,0,0,
13.59,5.02446,-2.96731,0.227509,0.0260878,-0.0154884,-0.00219191,-0.111456,-0.185417,0.020505,-0.0368193,0,0,
13.62,5.03129,-2.96652,0.227041,0.0260218,-0.015581,-0.00220007,-0.110836,-0.186522,0.0208117,-0.0367616,0,0,
13.65,5.0381,-2.96574,0.226571,0.0259556,-0.0156729,-0.00220732,-0.110206,-0.187625,0.0211172,-0.0367001,0,0,
13.68,5.0449,-2.96496,0.226098,0.0258892,-0.0157643,-0.00221545,-0.109568,-0.188726,0.0214215,-0.0366349,0,0,
13.71,5.05168,-2.96419,0.225623,0.0258224,-0.0158551,-0.00222479,-0.10892,-0.189826,0.0217245,-0.0365659,0,0,
13.74,5.05845,-2.96341,0.225144,0.0257554,-0.0159454,-0.00223293,-0.108263,-0.190923,0.0220263,-0.0364933,0,0,
13.77,5.0652,-2.96264,0.224663,0.0256882,-0.016035,-0.00224241,-0.107597,-0.192018,0.0223268,-0.0364169,0,0,
13.8,5.07194,-2.96187,0.224179,0.0256207,-0.0161241,-0.00225003,-0.106922,-0.19311,0.0226258,-0.036337,0,0,
13.83,5.07867,-2.9611,0.223693,0.0255528,-0.0162127,-0.00226181,-0.106239,-0.1942,0.0229235,-0.0362534,0,0,
13.86,5.08538,-2.96033,0.223204,0.0254847,-0.0163005,-0.00226874,-0.105546,-0.195288,0.0232196,-0.0361662,0,0,
13.89,5.09207,-2.95957,0.222712,0.0254165,-0.0163877,-0.00227571,-0.104844,-0.196373,0.0235142,-0.0360755,0,0,
13.92,5.09875,-2.95881,0.222218,0.025348,-0.0164742,-0.00228055,-0.104134,-0.197455,0.0238071,-0.0359813,0,0,
13.95,5.10542,-2.95805,0.221721,0.0252795,-0.0165599,-0.00228533,-0.103415,-0.198534,0.0240982,-0.0358837,0,0,
13.98,5.11207,-2.95729,0.221222,0.0252108,-0.016645,-0.00229097,-0.102687,-0.199611,0.0243876,-0.0357826,0,0,
14.01,5.11871,-2.95653,0.22072,0.0251418,-0.0167294,-0.00230018,-0.10195,-0.200684,0.0246753,-0.0356781,0,0,
14.04,5.12533,-2.95578,0.220216,0.0250726,-0.0168132,-0.00230546,-0.101205,-0.201754,0.0249611,-0.0355703,0,0,
14.07,5.13194,-2.95503,0.219709,0.0250033,-0.0168962,-0.00230948,-0.100451,-0.202821,0.025245,-0.0354592,0,0,
14.1,5.13853,-2.95428,0.219199,0.0249339,-0.0169785,-0.00231487,-0.0996885,-0.203884,0.025527,-0.0353448,0,0,
14.13,5.1451,-2.95353,0.218688,0.0248642,-0.01706,-0.00232048,-0.0989177,-0.204944,0.025807,-0.0352271,0,0,
14.16,5.15167,-2.95278,0.218173,0.0247944,-0.0171408,-0.00232687,-0.0981385,-0.206,0.026085,-0.0351062,0,0,
14.19,5.15821,-2.95204,0.217657,0.0247245,-0.0172209,-0.00233036,-0.097351,-0.207053,0.026361,-0.0349822,0,0,
14.22,5.16474,-2.9513,0.217138,0.0246545,-0.0173002,-0.00233507,-0.0965553,-0.208102,0.0266348,-0.0348551,0,0,
14.25,5.17125,-2.95056,0.216616,0.0245843,-0.0173788,-0.00233986,-0.0957513,-0.209147,0.0269064,-0.0347249,0,0,
14.28,5.17775,-2.94982,0.216093,0.024514,-0.0174566,-0.0023438,-0.0949392,-0.210188,0.0271758,-0.0345916,0,0,
14.31,5.18424,-2.94908,0.215567,0.0244435,-0.0175336,-0.00234897,-0.094119,-0.211225,0.0274431,-0.0344554,0,0,
14.34,5.1907,-2.94835,0.215038,0.024373,-0.0176098,-0.00235038,-0.0932909,-0.212258,0.027708,-0.0343162,0,0,
14.37,5.19715,-2.94762,0.214508,0.0243023,-0.0176853,-0.00235554,-0.0924548,-0.213287,0.0279706,-0.0341741,0,0,
14.4,5.20359,-2.94689,0.213975,0.0242315,-0.0177599,-0.00235947,-0.0916108,-0.214311,0.0282308,-0.0340292,0,0,
14.43,5.21001,-2.94616,0.21344,0.0241606,-0.0178338,-0.00236551,-0.090759,-0.215331,0.0284887,-0.0338813,0,0,
14.46,5.21641,-2.94544,0.212903,0.0240895,-0.017907,-0.00236978,-0.0898996,-0.216347,0.0287443,-0.0337307,0,0,
14.49,5.2228,-2.94472,0.212363,0.0240184,-0.0179793,-0.00236978,-0.0890325,-0.217358,0.0289972,-0.0335774,0,0,
14.52,5.22917,-2.94399,0.211822,0.0239471,-0.0180508,-0.00237745,-0.0881578,-0.218364,0.0292478,-0.0334213,0,0,
14.55,5.23552,-2.94328,0.211278,0.0238757,-0.0181215,-0.00238014,-0.0872756,-0.219366,0.0294959,-0.0332626,0,0,
14.58,5.24186,-2.94256,0.210733,0.0238042,-0.0181915,-0.00238222,-0.086386,-0.220363,0.0297413,-0.0331013,0,0,
14.61,5.24818,-2.94185,0.210185,0.0237326,-0.0182605,-0.00238757,-0.085489,-0.221355,0.0299843,-0.0329373,0,0,
14.64,5.25449,-2.94113,0.209635,0.0236609,-0.0183288,-0.00238901,-0.0845848,-0.222342,0.0302245,-0.0327709,0,0,
14.67,5.26078,-2.94042,0.209083,0.0235891,-0.0183963,-0.00239157,-0.0836734,-0.223324,0.0304622,-0.032602,0,0,
14.7,5.26705,-2.93972,0.208529,0.0235173,-0.0184628,-0.00239533,-0.0827549,-0.2243,0.0306971,-0.0324307,0,0,
14.73,5.27331,-2.93901,0.207973,0.0234453,-0.0185286,-0.00240042,-0.0818293,-0.225272,0.0309295,-0.032257,0,0,
14.76,5.27955,-2.93831,0.207415,0.0233732,-0.0185936,-0.00240139,-0.0808968,-0.226239,0.0311591,-0.0320809,0,0,
14.79,5.28577,-2.93761,0.206856,0.023301,-0.0186577,-0.00240661,-0.0799575,-0.2272,0.0313859,-0.0319025,0,0,
14.82,5.29198,-2.93691,0.206294,0.023229,-0.018721,-0.00240101,-0.0790113,-0.228155,0.0316099,-0.031722,0,0,
14.85,5.29816,-2.93621,0.205731,0.0231568,-0.0187833,-0.00240821,-0.0780585,-0.229106,0.0318311,-0.0315392,0,0,
14.88,5.30434,-2.93552,0.205165,0.0230843,-0.0188449,-0.00241623,-0.0770991,-0.230051,0.0320497,-0.0313542,0,0,
14.91,5.31049,-2.93482,0.204598,0.0230117,-0.0189057,-0.00241747,-0.0761331,-0.23099,0.0322653,-0.0311671,0,0,
14.94,5.31663,-2.93413,0.204029,0.0229391,-0.0189656,-0.00242278,-0.0751607,-0.231923,0.0324782,-0.0309778,0,0,
14.97,5.32275,-2.93344,0.203458,0.0228663,-0.0190247,-0.0024268,-0.0741819,-0.232851,0.0326882,-0.0307865,0,0,
15,5.32885,-2.93276,0.202886,0.0227934,-0.019083,-0.00242923,-0.0731968,-0.233773,0.0328954,-0.0305932,0,0,
15.03,5.33494,-2.93207,0.202312,0.0227204,-0.0191404,-0.00243131,-0.0722055,-0.23469,0.0330996,-0.030398,0,0,
15.06,5.34101,-2.93139,0.201736,0.0226473,-0.019197,-0.00243681,-0.0712082,-0.2356,0.0333009,-0.0302008,0,0,
15.09,5.34706,-2.93071,0.201158,0.0225742,-0.0192527,-0.00243722,-0.0702048,-0.236504,0.0334993,-0.0300018,0,0,
15.12,5.3531,-2.93004,0.200579,0.022501,-0.0193076,-0.00244044,-0.0691955,-0.237403,0.0336947,-0.029801,0,0,
15.15,5.35911,-2.92936,0.199998,0.0224278,-0.0193615,-0.00244176,-0.0681804,-0.238295,0.0338871,-0.0295985,0,0,
15.18,5.36511,-2.92869,0.199416,0.0223544,-0.0194146,-0.00244425,-0.0671595,-0.239181,0.0340766,-0.0293942,0,0,
15.21,5.3711,-2.92802,0.198832,0.022281,-0.0194668,-0.00244596,-0.066133,-0.240062,0.034263,-0.0291883,0,0,
15.24,5.37706,-2.92735,0.198246,0.0222076,-0.0195181,-0.00244732,-0.0651009,-0.240935,0.0344464,-0.0289809,0,0,
15.27,5.38301,-2.92668,0.197659,0.0221341,-0.0195685,-0.00245189,-0.0640633,-0.241803,0.0346268,-0.0287718,0,0,
15.3,5.38894,-2.92602,0.197071,0.0220605,-0.019618,-0.00245371,-0.0630204,-0.242664,0.0348042,-0.0285611,0,0,
15.33,5.39485,-2.92536,0.196481,0.021987,-0.0196667,-0.00244979,-0.0619721,-0.243519,0.0349785,-0.0283492,0,0,
15.36,5.40074,-2.9247,0.195889,0.0219136,-0.0197145,-0.00244455,-0.0609187,-0.244368,0.0351495,-0.0281359,0,0,
15.39,5.40662,-2.92404,0.195296,0.0218406,-0.0197613,-0.00243322,-0.0598601,-0.24521,0.0353173,-0.0279216,0,0,
15.42,5.41248,-2.92339,0.194702,0.0217676,-0.0198069,-0.00243277,-0.0587966,-0.246046,0.0354819,-0.027706,0,0,
15.45,5.41832,-2.92273,0.194106,0.0216944,-0.0198514,-0.00244009,-0.0577281,-0.246875,0.0356436,-0.0274889,0,0,
15.48,5.42414,-2.92208,0.19351,0.0216211,-0.0198951,-0.00244496,-0.0566548,-0.247698,0.0358023,-0.0272706,0,0,
15.51,5.42995,-2.92143,0.192911,0.0215481,-0.0199383,-0.00243202,-0.0555768,-0.248514,0.0359577,-0.0270514,0,0,
15.54,5.43574,-2.92079,0.192312,0.021475,-0.01998,-0.00243784,-0.0544941,-0.249324,0.0361101,-0.026831,0,0,
15.57,5.44151,-2.92014,0.191711,0.021402,-0.0200211,-0.00243246,-0.0534069,-0.250127,0.0362592,-0.0266096,0,0,
15.6,5.44726,-2.9195,0.19111,0.021329,-0.0200612,-0.00243446,-0.0523153,-0.250923,0.0364053,-0.0263871,0,0,
15.63,5.45299,-2.91886,0.190507,0.0212559,-0.0201004,-0.00243699,-0.0512193,-0.251713,0.0365483,-0.0261636,0,0,
15.66,5.45871,-2.91822,0.189902,0.0211828,-0.0201388,-0.00243747,-0.050119,-0.252495,0.0366882,-0.0259392,0,0,
15.69,5.4644,-2.91759,0.189297,0.0211095,-0.0201762,-0.00244132,-0.0490146,-0.253272,0.0368251,-0.0257137,0,0,
15.72,5.47008,-2.91695,0.188691,0.0210364,-0.0202129,-0.00243686,-0.0479061,-0.254041,0.0369588,-0.0254875,0,0,
15.75,5.47574,-2.91632,0.188083,0.0209631,-0.0202484,-0.00244267,-0.0467936,-0.254803,0.0370895,-0.0252604,0,0,
15.78,5.48139,-2.91569,0.187475,0.02089,-0.0202834,-0.00243898,-0.0456773,-0.255559,0.037217,-0.0250326,0,0,
15.81,5.48701,-2.91507,0.186865,0.0208171,-0.0203174,-0.00243037,-0.0445571,-0.256308,0.0373413,-0.0248042,0,0,
15.84,5.49262,-2.91444,0.186255,0.0207441,-0.0203502,-0.00243286,-0.0434332,-0.25705,0.0374625,-0.0245751,0,0,
15.87,5.4982,-2.91382,0.185643,0.0206711,-0.0203822,-0.00243333,-0.0423058,-0.257785,0.0375807,-0.0243454,0,0,
15.9,5.50377,-2.9132,0.185031,0.0205978,-0.0204132,-0.00244161,-0.0411748,-0.258513,0.0376958,-0.0241148,0,0,
15.93,5.50932,-2.91258,0.184418,0.0205246,-0.0204437,-0.00243989,-0.0400404,-0.259234,0.0378079,-0.0238837,0,0,
15.96,5.51486,-2.91197,0.183803,0.0204515,-0.0204732,-0.00243801,-0.0389026,-0.259949,0.0379169,-0.0236522,0,0,
15.99,5.52037,-2.91135,0.183188,0.0203782,-0.0205016,-0.00244264,-0.0377617,-0.260656,0.0380229,-0.02342,0,0,
16.02,5.52587,-2.91074,0.182572,0.020305,-0.0205294,-0.00243993,-0.0366175,-0.261356,0.0381257,-0.0231875,0,0,
16.05,5.53134,-2.91013,0.181956,0.020232,-0.0205563,-0.00243218,-0.0354704,-0.26205,0.0382254,-0.0229547,0,0,
16.08,5.5368,-2.90953,0.181338,0.0201588,-0.0205819,-0.00244179,-0.0343202,-0.262736,0.0383222,-0.0227214,0,0,
16.11,5.54224,-2.90892,0.18072,0.0200855,-0.0206069,-0.00244426,-0.0331672,-0.263415,0.038416,-0.0224876,0,0,
16.14,5.54766,-2.90832,0.180101,0.0200124,-0.0206314,-0.00243391,-0.0320114,-0.264088,0.0385066,-0.0222538,0,0,
16.17,5.55307,-2.90772,0.179482,0.0199398,-0.0206549,-0.00242163,-0.0308529,-0.264753,0.0385941,-0.0220201,0,0,
16.2,5.55845,-2.90712,0.178861,0.019867,-0.0206769,-0.00242563,-0.0296919,-0.265411,0.0386785,-0.021786,0,0,
16.23,5.56382,-2.90652,0.17824,0.019794,-0.0206981,-0.00243305,-0.0285283,-0.266063,0.0387601,-0.0215516,0,0,
16.26,5.56916,-2.90593,0.177619,0.0197214,-0.0207189,-0.00242206,-0.0273623,-0.266707,0.0388386,-0.0213173,0,0,
16.29,5.57449,-2.90534,0.176997,0.0196486,-0.0207383,-0.00242463,-0.026194,-0.267344,0.0389141,-0.0210828,0,0,
16.32,5.5798,-2.90475,0.176374,0.0195761,-0.0207571,-0.00241709,-0.0250234,-0.267974,0.0389866,-0.0208485,0,0,
16.35,5.58509,-2.90416,0.175751,0.0195036,-0.0207749,-0.00241687,-0.0238507,-0.268597,0.0390562,-0.0206141,0,0,
16.38,5.59037,-2.90358,0.175127,0.0194314,-0.0207919,-0.00240638,-0.0226759,-0.269213,0.0391227,-0.02038,0,0,
16.41,5.59562,-2.90299,0.174503,0.0193596,-0.0208081,-0.0023937,-0.0214992,-0.269822,0.0391861,-0.0201462,0,0,
16.44,5.60085,-2.90241,0.173878,0.0192875,-0.0208226,-0.00240526,-0.0203206,-0.270424,0.0392468,-0.0199122,0,0,
16.47,5.60607,-2.90183,0.173253,0.0192155,-0.0208369,-0.00239968,-0.0191402,-0.271019,0.0393045,-0.0196785,0,0,
16.5,5.61127,-2.90126,0.172627,0.0191434,-0.02085,-0.00240045,-0.0179582,-0.271607,0.0393594,-0.0194449,0,0,
16.53,5.61645,-2.90068,0.172001,0.0190719,-0.0208628,-0.00238549,-0.0167745,-0.272188,0.0394113,-0.0192118,0,0,
16.56,5.62161,-2.90011,0.171375,0.0190006,-0.0208745,-0.00237572,-0.0155892,-0.272762,0.0394602,-0.0189792,0,0,
16.59,5.62675,-2.89954,0.170749,0.0189293,-0.0208848,-0.002376,-0.0144026,-0.273329,0.0395064,-0.0187468,0,0,
16.62,5.63187,-2.89897,0.170122,0.018858,-0.0208944,-0.00237854,-0.0132146,-0.273889,0.0395498,-0.0185146,0,0,
16.65,5.63698,-2.89841,0.169495,0.0187865,-0.0209031,-0.00238155,-0.0120253,-0.274442,0.0395904,-0.0182827,0,0,
16.68,5.64206,-2.89784,0.168867,0.0187152,-0.020911,-0.00237832,-0.0108348,-0.274988,0.0396283,-0.0180511,0,0,
16.71,5.64713,-2.89728,0.16824,0.0186444,-0.0209187,-0.00235929,-0.0096432,-0.275527,0.0396632,-0.0178204,0,0,
16.74,5.65217,-2.89672,0.167612,0.0185739,-0.0209251,-0.00234921,-0.00845059,-0.276059,0.0396953,-0.0175903,0,0,
16.77,5.6572,-2.89617,0.166984,0.0185034,-0.0209302,-0.00235116,-0.00725705,-0.276584,0.0397247,-0.0173607,0,0,
16.8,5.66221,-2.89561,0.166356,0.018433,-0.0209347,-0.00234761,-0.00606266,-0.277103,0.0397515,-0.0171315,0,0,
16.83,5.6672,-2.89506,0.165728,0.0183625,-0.0209382,-0.00234858,-0.0048675,-0.277614,0.0397756,-0.0169028,0,0,
16.86,5.67217,-2.89451,0.1651,0.0182921,-0.0209411,-0.00234615,-0.00367164,-0.278119,0.039797,-0.0166746,0,0,
16.89,5.67713,-2.89396,0.164471,0.0182217,-0.0209431,-0.00234623,-0.00247517,-0.278617,0.0398159,-0.016447,0,0,
16.92,5.68206,-2.89341,0.163843,0.018152,-0.0209451,-0.00232291,-0.00127816,-0.279108,0.0398319,-0.0162206,0,0,
16.95,5.68698,-2.89287,0.163215,0.018083,-0.0209458,-0.00230298,-8.07002e-05,-0.279592,0.0398451,-0.0159952,0,0,
16.98,5.69187,-2.89232,0.162586,0.0180139,-0.020945,-0.00230044,0.00111713,-0.280069,0.0398558,-0.0157706,0,0,
17.01,5.69675,-2.89178,0.161958,0.0179447,-0.0209432,-0.00230687,0.00231525,-0.28054,0.0398641,-0.0155463,0,0,
17.04,5.70161,-2.89125,0.16133,0.0178754,-0.0209407,-0.00231164,0.00351359,-0.281004,0.0398699,-0.0153227,0,0,
17.07,5.70645,-2.89071,0.160702,0.0178065,-0.0209383,-0.00229569,0.00471208,-0.281461,0.0398731,-0.0151001,0,0,
17.1,5.71127,-2.89018,0.160074,0.0177377,-0.0209344,-0.00229304,0.00591064,-0.281911,0.0398738,-0.0148783,0,0,
17.13,5.71607,-2.88964,0.159446,0.0176691,-0.02093,-0.00228716,0.00710919,-0.282355,0.0398721,-0.0146574,0,0,
17.16,5.72086,-2.88911,0.158818,0.0176008,-0.0209248,-0.00227787,0.00830765,-0.282793,0.0398678,-0.0144375,0,0,
17.19,5.72562,-2.88858,0.158191,0.0175326,-0.0209187,-0.00227191,0.00950597,-0.283223,0.0398612,-0.0142185,0,0,
17.22,5.73037,-2.88806,0.157563,0.0174645,-0.0209116,-0.00226981,0.0107041,-0.283647,0.0398521,-0.0140003,0,0,
17.25,5.73509,-2.88753,0.156936,0.0173966,-0.0209039,-0.00226534,0.0119018,-0.284065,0.0398407,-0.0137831,0,0,
17.28,5.7398,-2.88701,0.156309,0.0173286,-0.0208953,-0.00226514,0.0130993,-0.284476,0.039827,-0.0135668,0,0,
17.31,5.74449,-2.88649,0.155683,0.0172609,-0.0208862,-0.00225807,0.0142962,-0.284881,0.039811,-0.0133514,0,0,
17.34,5.74916,-2.88598,0.155056,0.0171931,-0.020876,-0.00225739,0.0154927,-0.285279,0.0397927,-0.013137,0,0,
17.37,5.75381,-2.88546,0.15443,0.0171256,-0.0208653,-0.00225306,0.0166886,-0.28567,0.0397721,-0.0129236,0,0,
17.4,5.75844,-2.88495,0.153805,0.0170582,-0.0208541,-0.00224591,0.0178839,-0.286056,0.0397492,-0.0127113,0,0,
17.43,5.76306,-2.88443,0.153179,0.0169908,-0.0208418,-0.00224478,0.0190784,-0.286435,0.0397242,-0.0124999,0,0,
17.46,5.76765,-2.88392,0.152555,0.0169235,-0.0208287,-0.00224576,0.0202722,-0.286807,0.039697,-0.0122895,0,0,
17.49,5.77223,-2.88342,0.15193,0.0168563,-0.0208153,-0.00223842,0.0214651,-0.287173,0.0396676,-0.0120802,0,0,
17.52,5.77679,-2.88291,0.151306,0.0167889,-0.0208007,-0.00224615,0.0226571,-0.287533,0.0396361,-0.0118717,0,0,
17.55,5.78133,-2.88241,0.150683,0.0167221,-0.0207865,-0.00222746,0.0238482,-0.287887,0.0396024,-0.0116647,0,0,
17.58,5.78585,-2.88191,0.150059,0.0166553,-0.0207707,-0.00222562,0.0250382,-0.288235,0.0395666,-0.0114588,0,0,
17.61,5.79035,-2.88141,0.149437,0.0165886,-0.0207542,-0.00222438,0.0262271,-0.288576,0.0395288,-0.0112539,0,0,
17.64,5.79483,-2.88091,0.148815,0.0165222,-0.0207374,-0.00221484,0.0274148,-0.288911,0.0394888,-0.0110503,0,0,
17.67,5.7993,-2.88041,0.148193,0.0164559,-0.0207198,-0.00220729,0.0286014,-0.28924,0.0394469,-0.010848,0,0,
17.7,5.80374,-2.87992,0.147572,0.0163894,-0.0207007,-0.00221866,0.0297866,-0.289563,0.039403,-0.0106465,0,0,
17.73,5.80817,-2.87943,0.146952,0.0163232,-0.0206821,-0.00220709,0.0309705,-0.28988,0.0393571,-0.0104463,0,0,
17.76,5.81258,-2.87894,0.146332,0.0162572,-0.0206625,-0.00220022,0.032153,-0.290191,0.0393092,-0.0102475,0,0,
17.79,5.81697,-2.87845,0.145712,0.0161908,-0.0206414,-0.002212,0.033334,-0.290497,0.0392595,-0.0100494,0,0,
17.82,5.82134,-2.87796,0.145094,0.0161247,-0.0206207,-0.00220485,0.0345136,-0.290796,0.0392079,-0.00985268,0,0,
17.85,5.82569,-2.87748,0.144476,0.016059,-0.0205996,-0.00218993,0.0356915,-0.291089,0.0391543,-0.00965748,0,0,
17.88,5.83003,-2.877,0.143859,0.015994,-0.020578,-0.00216594,0.0368679,-0.291376,0.0390988,-0.00946409,0,0,
17.91,5.83434,-2.87652,0.143242,0.0159291,-0.0205548,-0.00216151,0.0380425,-0.291658,0.0390415,-0.00927198,0,0,
17.94,5.83864,-2.87604,0.142626,0.0158647,-0.0205313,-0.00214896,0.0392154,-0.291934,0.0389823,-0.0090814,0,0,
17.97,5.84292,-2.87556,0.142011,0.0158,-0.0205061,-0.00215614,0.0403865,-0.292204,0.0389214,-0.00889179,0,0,
18,5.84718,-2.87509,0.141396,0.0157358,-0.0204815,-0.0021399,0.0415557,-0.292468,0.0388587,-0.00870382,0,0,
18.03,5.85142,-2.87462,0.140783,0.015672,-0.020456,-0.00212661,0.0427231,-0.292727,0.0387942,-0.00851743,0,0,
18.06,5.85565,-2.87415,0.14017,0.0156087,-0.0204301,-0.00210855,0.0438885,-0.29298,0.038728,-0.00833274,0,0,
18.09,5.85985,-2.87368,0.139558,0.0155457,-0.0204029,-0.00209944,0.0450518,-0.293228,0.0386602,-0.00814953,0,0,
18.12,5.86404,-2.87321,0.138946,0.0154832,-0.0203753,-0.00208517,0.0462132,-0.29347,0.0385906,-0.00796794,0,0,
18.15,5.86821,-2.87275,0.138336,0.0154207,-0.0203464,-0.00208254,0.0473724,-0.293707,0.0385195,-0.00778766,0,0,
18.18,5.87236,-2.87229,0.137726,0.0153586,-0.0203176,-0.00206876,0.0485294,-0.293938,0.0384467,-0.007609,0,0,
18.21,5.87649,-2.87183,0.137118,0.0152967,-0.0202875,-0.00206568,0.0496843,-0.294164,0.0383724,-0.00743168,0,0,
18.24,5.8806,-2.87137,0.13651,0.0152348,-0.0202569,-0.00206283,0.0508369,-0.294385,0.0382966,-0.0072557,0,0,
18.27,5.8847,-2.87091,0.135903,0.0151733,-0.0202262,-0.00205057,0.0519872,-0.294601,0.0382193,-0.00708131,0,0,
18.3,5.88877,-2.87046,0.135298,0.0151118,-0.0201943,-0.00204815,0.0531352,-0.294811,0.0381405,-0.00690827,0,0,
18.33,5.89283,-2.87,0.134693,0.0150506,-0.0201622,-0.0020421,0.0542808,-0.295016,0.0380602,-0.00673666,0,0,
18.36,5.89687,-2.86955,0.134089,0.0149895,-0.0201295,-0.00203442,0.0554239,-0.295216,0.0379785,-0.00656655,0,0,
18.39,5.9009,-2.8691,0.133486,0.0149285,-0.0200959,-0.0020349,0.0565646,-0.295411,0.0378955,-0.0063977,0,0,
18.42,5.9049,-2.86865,0.132884,0.0148676,-0.0200621,-0.00202938,0.0577028,-0.2956,0.037811,-0.0062303,0,0,
18.45,5.90889,-2.86821,0.132283,0.0148069,-0.0200278,-0.00202358,0.0588384,-0.295785,0.0377252,-0.00606435,0,0,
18.48,5.91286,-2.86776,0.131683,0.0147462,-0.0199927,-0.00202205,0.0599714,-0.295965,0.0376381,-0.00589973,0,0,
18.51,5.91681,-2.86732,0.131085,0.0146857,-0.0199574,-0.00201729,0.0611018,-0.29614,0.0375497,-0.00573655,0,0,
18.54,5.92074,-2.86688,0.130487,0.0146254,-0.0199217,-0.00200902,0.0622296,-0.29631,0.03746,-0.00557489,0,0,
18.57,5.92465,-2.86644,0.12989,0.0145655,-0.0198855,-0.00199946,0.0633546,-0.296475,0.037369,-0.00541481,0,0,
18.6,5.92855,-2.866,0.129295,0.0145057,-0.0198487,-0.00199216,0.0644768,-0.296635,0.0372767,-0.00525625,0,0,
18.63,5.93243,-2.86557,0.128701,0.0144463,-0.0198117,-0.00197877,0.0655963,-0.296791,0.0371833,-0.00509936,0,0,
18.66,5.93629,-2.86514,0.128107,0.0143874,-0.0197741,-0.00196528,0.066713,-0.296942,0.0370886,-0.00494417,0,0,
18.69,5.94013,-2.8647,0.127515,0.0143282,-0.0197349,-0.00197167,0.0678268,-0.297088,0.0369928,-0.0047901,0,0,
18.72,5.94396,-2.86427,0.126925,0.0142693,-0.0196961,-0.0019635,0.0689377,-0.297229,0.0368958,-0.00463758,0,0,
18.75,5.94777,-2.86385,0.126335,0.0142106,-0.0196567,-0.00195811,0.0700457,-0.297366,0.0367978,-0.00448653,0,0,
18.78,5.95156,-2.86342,0.125746,0.0141518,-0.0196165,-0.00195939,0.0711507,-0.297499,0.0366986,-0.00433675,0,0,
18.81,5.95533,-2.86299,0.125159,0.0140929,-0.0195759,-0.00196231,0.0722528,-0.297627,0.0365984,-0.0041882,0,0,
18.84,5.95908,-2.86257,0.124573,0.0140343,-0.0195354,-0.00195366,0.0733518,-0.297751,0.0364972,-0.00404121,0,0,
18.87,5.96282,-2.86215,0.123988,0.0139757,-0.0194941,-0.00195263,0.0744477,-0.29787,0.0363949,-0.00389556,0,0,
18.9,5.96654,-2.86173,0.123405,0.0139173,-0.0194526,-0.00194731,0.0755406,-0.297985,0.0362916,-0.00375137,0,0,
18.93,5.97024,-2.86131,0.122822,0.0138593,-0.019411,-0.00193569,0.0766304,-0.298095,0.0361873,-0.00360883,0,0,
18.96,5.97393,-2.8609,0.122241,0.0138007,-0.0193674,-0.00195052,0.077717,-0.298202,0.036082,-0.00346718,0,0,
18.99,5.97759,-2.86048,0.121661,0.013743,-0.0193258,-0.00192565,0.0788004,-0.298304,0.0359758,-0.00332754,0,0,
19.02,5.98124,-2.86007,0.121083,0.0136856,-0.0192829,-0.00191303,0.0798807,-0.298402,0.0358687,-0.00318957,0,0,
19.05,5.98488,-2.85966,0.120525,0.0137861,-0.0185989,0.00334935,0.0809577,-0.298495,0.0357639,-0.00319973,0,0,
19.08,5.98849,-2.85925,0.119906,0.0133316,-0.0206204,-0.0151484,0.0820316,-0.298589,0.035648,-0.00269464,0,0,
19.11,5.99209,-2.85885,0.119294,0.0130786,-0.0204097,-0.00843187,0.0831019,-0.298668,0.0355267,-0.00237993,0,0,
19.14,5.99567,-2.85846,0.118694,0.0129931,-0.0199937,-0.00285236,0.0841686,-0.298738,0.035405,-0.00222305,0,0,
19.17,5.99923,-2.85807,0.118112,0.0130449,-0.0194144,0.00172791,0.0852315,-0.299206,0.0353398,-0.00219536,0,0,
19.2,6.00277,-2.85767,0.117533,0.0130712,-0.0192788,0.000875369,0.086291,-0.298867,0.0351699,-0.00214475,0,0,
19.23,6.0063,-2.85728,0.116959,0.0130784,-0.019164,0.000240793,0.0873469,-0.298929,0.0350536,-0.00207739,0,0,
19.26,6.00981,-2.85689,0.116387,0.0130718,-0.0190655,-0.00022064,0.0883994,-0.29899,0.0349375,-0.00199818,0,0,
19.29,6.0133,-2.8565,0.115817,0.0130537,-0.0189769,-0.000601055,0.0894483,-0.299048,0.0348215,-0.00190944,0,0,
19.32,6.01677,-2.85611,0.11525,0.013027,-0.0188975,-0.000892805,0.0904938,-0.299103,0.0347053,-0.00181368,0,0,
19.35,6.02023,-2.85572,0.114686,0.0129945,-0.018827,-0.0010814,0.0915357,-0.299156,0.0345888,-0.00171382,0,0,
19.38,6.02367,-2.85533,0.114123,0.0129584,-0.0187623,-0.00120267,0.0925742,-0.299205,0.0344719,-0.00161176,0,0,
19.41,6.02709,-2.85494,0.113562,0.0129183,-0.0186982,-0.00133785,0.0936091,-0.299252,0.0343547,-0.00150712,0,0,
19.44,6.0305,-2.85455,0.113003,0.0128756,-0.0186384,-0.00142301,0.0946405,-0.299295,0.0342369,-0.00140131,0,0,
19.47,6.03389,-2.85416,0.112445,0.0128301,-0.0185787,-0.00151835,0.0956684,-0.299336,0.0341187,-0.00129404,0,0,
19.5,6.03727,-2.85378,0.11189,0.0127831,-0.0185227,-0.00156472,0.0966927,-0.299373,0.0339999,-0.00118669,0,0,
19.53,6.04062,-2.85339,0.111336,0.0127344,-0.0184665,-0.00162394,0.0977134,-0.299406,0.0338807,-0.0010789,0,0,
19.56,6.04396,-2.85301,0.110783,0.0126856,-0.0184139,-0.00162653,0.0987305,-0.299437,0.0337609,-0.000972272,0,0,
19.59,6.04729,-2.85263,0.110232,0.0126357,-0.0183591,-0.00166293,0.0997441,-0.299465,0.0336406,-0.000865837,0,0,
19.62,6.05059,-2.85225,0.109683,0.0125857,-0.0183067,-0.00166627,0.100754,-0.299489,0.0335199,-0.00076053,0,0,
19.65,6.05388,-2.85188,0.109136,0.0125354,-0.0182537,-0.00167626,0.10176,-0.29951,0.0333986,-0.000656158,0,0,
19.68,6.05716,-2.8515,0.10859,0.0124853,-0.0182013,-0.00167256,0.102763,-0.299528,0.033277,-0.000553102,0,0,
19.71,6.06041,-2.85112,0.108045,0.0124345,-0.0181475,-0.00169118,0.103762,-0.299543,0.0331548,-0.000450727,0,0,
19.74,6.06366,-2.85075,0.107502,0.012384,-0.0180952,-0.00168339,0.104757,-0.299555,0.0330322,-0.000349773,0,0,
19.77,6.06688,-2.85038,0.106961,0.0123331,-0.0180414,-0.00169728,0.105749,-0.299564,0.0329092,-0.000249621,0,0,
19.8,6.07009,-2.85001,0.106421,0.0122825,-0.0179891,-0.00168635,0.106737,-0.299569,0.0327858,-0.000150969,0,0,
19.83,6.07328,-2.84964,0.105883,0.012232,-0.017936,-0.00168272,0.107721,-0.299572,0.032662,-5.36022e-05,0,0,
19.86,6.07646,-2.84927,0.105347,0.0121817,-0.0178826,-0.00167954,0.108701,-0.299572,0.0325379,4.2498e-05,0,0,
19.89,6.07962,-2.84891,0.104812,0.0121312,-0.0178287,-0.00168191,0.109678,-0.29957,0.0324133,0.000137496,0,0,
19.92,6.08276,-2.84855,0.104279,0.0120813,-0.017776,-0.00166189,0.110651,-0.299564,0.0322885,0.000230763,0,0,
19.95,6.08589,-2.84818,0.103747,0.0120316,-0.0177219,-0.00165941,0.11162,-0.299555,0.0321633,0.000322805,0,0,
19.98,6.089,-2.84782,0.103217,0.0119818,-0.0176675,-0.00165849,0.112586,-0.299544,0.0320378,0.000413672,0,0,
20.01,6.0921,-2.84746,0.102689,0.0119323,-0.0176134,-0.00164939,0.113547,-0.29953,0.0319121,0.000503139,0,0,
20.04,6.09518,-2.8471,0.102162,0.0118826,-0.0175582,-0.00165579,0.114505,-0.299513,0.031786,0.000591653,0,0,
20.07,6.09825,-2.84675,0.101637,0.0118333,-0.0175039,-0.00164599,0.11546,-0.299494,0.0316596,0.000678761,0,0,
20.1,6.1013,-2.84639,0.101113,0.0117843,-0.0174497,-0.00163365,0.11641,-0.299472,0.0315331,0.0007644,0,0,
20.13,6.10433,-2.84604,0.100591,0.0117383,-0.017401,-0.00153119,0.117356,-0.299448,0.0314065,0.000846032,0,0,
20.16,6.10735,-2.84569,0.100071,0.0116882,-0.017335,-0.00166942,0.118299,-0.299421,0.0312794,0.00093047,0,0,
20.19,6.11035,-2.84534,0.0995527,0.0116397,-0.0172814,-0.00161647,0.119238,-0.299392,0.0311522,0.00101232,0,0,
20.22,6.11334,-2.84499,0.0990367,0.0115879,-0.0171993,-0.00172828,0.120173,-0.29936,0.0310246,0.0010963,0,0,
20.25,6.11631,-2.84464,0.0985234,0.0115348,-0.0171106,-0.00177041,0.121104,-0.299325,0.0308969,0.00118049,0,0,
20.28,6.11926,-2.84429,0.0980124,0.0114803,-0.0170309,-0.00181737,0.122032,-0.299289,0.0307691,0.00126501,0,0,
20.31,6.1222,-2.84395,0.0975045,0.0114255,-0.0169309,-0.00182528,0.122955,-0.299249,0.0306413,0.00134884,0,0,
20.34,6.12513,-2.84361,0.0970002,0.0113697,-0.0168089,-0.00186018,0.123875,-0.299207,0.0305138,0.00143283,0,0,
20.37,6.12804,-2.84327,0.0964989,0.0113081,-0.0167123,-0.00205434,0.124791,-0.299163,0.0303856,0.00152135,0,0,
20.4,6.13093,-2.84293,0.0960062,0.0112005,-0.0164216,-0.0035867,0.125703,-0.299116,0.030253,0.00165245,0,0,
20.43,6.13381,-2.84259,0.0955174,0.0110841,-0.0162945,-0.00388048,0.126611,-0.299065,0.0301191,0.00179094,0,0,
20.46,6.13668,-2.84226,0.0950302,0.0109741,-0.0162405,-0.00366363,0.127515,-0.29901,0.0299854,0.00192229,0,0,
20.49,6.13953,-2.84193,0.0945463,0.0108571,-0.0161285,-0.00390272,0.128415,-0.298951,0.0298504,0.00205944,0,0,
20.52,6.14237,-2.8416,0.0940643,0.0107544,-0.0160679,-0.00342097,0.129311,-0.298888,0.029717,0.00218213,0,0,
20.55,6.14519,-2.84128,0.0935837,0.0106456,-0.0160195,-0.00362756,0.130202,-0.298821,0.0295819,0.00230949,0,0,
20.58,6.148,-2.84096,0.0931028,0.0105662,-0.0160282,-0.00264551,0.13109,-0.29875,0.0294502,0.00240823,0,0,
20.61,6.15079,-2.84064,0.0926224,0.0105218,-0.0160156,-0.00147995,0.131974,-0.298677,0.0293233,0.00247339,0,0,
20.64,6.15357,-2.84033,0.0921428,0.0105144,-0.0159849,-0.000246619,0.132854,-0.298601,0.0292021,0.00250323,0,0,
20.67,6.15633,-2.84001,0.091667,0.0105096,-0.0158627,-0.000160547,0.133731,-0.298525,0.0290822,0.00253004,0,0,
20.7,6.15908,-2.8397,0.0911941,0.0104935,-0.0157612,-0.000536268,0.134603,-0.298448,0.0289612,0.0025666,0,0,
20.73,6.16182,-2.83938,0.0907268,0.010424,-0.015576,-0.00231733,0.135473,-0.298369,0.0288325,0.00265221,0,0,
20.76,6.16454,-2.83907,0.090262,0.0103463,-0.015493,-0.00259234,0.136338,-0.298289,0.0287024,0.00274461,0,0,
20.79,6.16725,-2.83876,0.089796,0.0103521,-0.015536,0.00019609,0.137199,-0.298205,0.0285857,0.0027584,0,0,
20.82,6.16994,-2.83845,0.0893328,0.0103478,-0.0154402,-0.00014521,0.138057,-0.298121,0.028468,0.00278098,0,0,
20.85,6.17262,-2.83814,0.0888722,0.0103356,-0.0153533,-0.000404431,0.138912,-0.298036,0.0283496,0.00281004,0,0,
20.88,6.17529,-2.83783,0.088414,0.0103176,-0.0152733,-0.00060128,0.139762,-0.297951,0.0282305,0.00284383,0,0,
20.91,6.17794,-2.83752,0.087958,0.0102951,-0.0151985,-0.000750614,0.14061,-0.297864,0.028111,0.00288101,0,0,
20.94,6.18058,-2.83721,0.0875042,0.0102692,-0.0151278,-0.00086368,0.141453,-0.297777,0.0279913,0.00292056,0,0,
20.97,6.1832,-2.8369,0.0870524,0.0102407,-0.0150601,-0.000949019,0.142293,-0.297688,0.0278713,0.00296169,0,0,
21,6.18581,-2.83659,0.0866025,0.0102103,-0.0149948,-0.00101314,0.14313,-0.297598,0.0277512,0.00300383,0,0,
21.03,6.18841,-2.83629,0.0861546,0.0101785,-0.0149313,-0.001061,0.143963,-0.297507,0.027631,0.00304651,0,0,
21.06,6.191,-2.83598,0.0857085,0.0101456,-0.0148692,-0.0010964,0.144792,-0.297414,0.0275109,0.0030894,0,0,
21.09,6.19357,-2.83568,0.0852643,0.0101119,-0.0148082,-0.00112223,0.145617,-0.29732,0.0273907,0.00313223,0,0,
21.12,6.19613,-2.83538,0.0848218,0.0100777,-0.0147479,-0.00114073,0.146439,-0.297225,0.0272707,0.0031748,0,0,
21.15,6.19867,-2.83507,0.0843812,0.0100431,-0.0146883,-0.0011536,0.147258,-0.297129,0.0271507,0.00321696,0,0,
21.18,6.2012,-2.83477,0.0839423,0.0100082,-0.0146292,-0.00116214,0.148073,-0.297031,0.0270309,0.0032586,0,0,
21.21,6.20372,-2.83447,0.0835052,0.00997321,-0.0145704,-0.00116736,0.148884,-0.296932,0.0269112,0.00329964,0,0,
21.24,6.20623,-2.83417,0.0830698,0.00993811,-0.0145119,-0.00117004,0.149691,-0.296832,0.0267917,0.00334,0,0,
21.27,6.20872,-2.83387,0.0826362,0.00990299,-0.0144536,-0.00117075,0.150495,-0.296731,0.0266724,0.00337964,0,0,
21.3,6.2112,-2.83358,0.0822044,0.00986789,-0.0143954,-0.00116997,0.151296,-0.296628,0.0265532,0.00341853,0,0,
21.33,6.21366,-2.83328,0.0820147,0.00839835,-0.00632166,-0.0489845,0.152093,-0.296525,0.0261866,0.00480338,0,0,
21.36,6.21612,-2.83303,0.0818001,0.00717683,-0.0071537,-0.0407174,0.152878,-0.29638,0.0258573,0.00595502,0,0,
21.39,6.21858,-2.83281,0.0815628,0.00618279,-0.00790919,-0.0331348,0.153654,-0.2962,0.0255639,0.00689303,0,0,
21.42,6.22102,-2.83263,0.0813084,0.0053988,-0.00848254,-0.0261327,0.154421,-0.295992,0.0253065,0.00763462,0,0,
21.45,6.22346,-2.83247,0.0810434,0.0047974,-0.00883071,-0.0200467,0.15518,-0.295762,0.0250827,0.0082063,0,0,
21.48,6.2259,-2.83232,0.0807733,0.00434235,-0.00900452,-0.0151685,0.155932,-0.295515,0.0248874,0.00864227,0,0,
21.51,6.22832,-2.83219,0.080501,0.00399851,-0.0090778,-0.0114613,0.156679,-0.295255,0.0247147,0.0089753,0,0,
21.54,6.23073,-2.83207,0.0802279,0.0037374,-0.00910044,-0.00870371,0.15742,-0.294985,0.0245592,0.00923179,0,0,
21.57,6.23314,-2.83196,0.079955,0.00353759,-0.00909828,-0.00666031,0.158157,-0.294707,0.0244168,0.0094315,0,0,
21.6,6.23554,-2.83185,0.0796825,0.00338335,-0.00908369,-0.00514124,0.158889,-0.294423,0.0242844,0.00958893,0,0,
21.63,6.23793,-2.83175,0.0794106,0.00326316,-0.00906258,-0.00400616,0.159617,-0.294134,0.0241595,0.00971467,0,0,
21.66,6.24031,-2.83165,0.0791395,0.00316855,-0.00903789,-0.00315367,0.160342,-0.293842,0.0240405,0.00981651,0,0,
21.69,6.24269,-2.83156,0.0788691,0.00309324,-0.00901111,-0.00251058,0.161063,-0.293547,0.023926,0.00990022,0,0,
21.72,6.24505,-2.83147,0.0785996,0.00303253,-0.00898307,-0.00202367,0.16178,-0.293249,0.0238151,0.0099701,0,0,
21.75,6.24741,-2.83138,0.078331,0.00298291,-0.00895424,-0.00165389,0.162495,-0.292949,0.0237069,0.0100294,0,0,
21.78,6.24976,-2.83129,0.0780633,0.00294174,-0.00892489,-0.00137238,0.163205,-0.292647,0.0236009,0.0100804,0,0,
21.81,6.2521,-2.8312,0.0777964,0.00290701,-0.0088952,-0.00115763,0.163913,-0.292344,0.0234967,0.0101252,0,0,
21.84,6.25444,-2.83111,0.0775305,0.00287721,-0.00886529,-0.000993499,0.164618,-0.292039,0.0233939,0.010165,0,0,
21.87,6.25676,-2.83102,0.0772654,0.00285117,-0.00883524,-0.000867857,0.165319,-0.291733,0.0232922,0.0102008,0,0,
21.9,6.25908,-2.83094,0.0770013,0.00282802,-0.00880509,-0.000771523,0.166018,-0.291426,0.0231916,0.0102336,0,0,
21.93,6.26139,-2.83085,0.076738,0.0028071,-0.00877488,-0.000697538,0.166713,-0.291119,0.0230917,0.010264,0,0,
21.96,6.26369,-2.83077,0.0764757,0.00278788,-0.00874465,-0.000640611,0.167406,-0.29081,0.0229926,0.0102923,0,0,
21.99,6.26599,-2.83069,0.0762142,0.00276998,-0.0087144,-0.000596718,0.168095,-0.2905,0.0228941,0.010319,0,0,
22.02,6.26827,-2.8306,0.0759537,0.00275309,-0.00868416,-0.000562787,0.168782,-0.29019,0.0227961,0.0103443,0,0,
22.05,6.27055,-2.83052,0.0756941,0.002737,-0.00865394,-0.000536476,0.169466,-0.289879,0.0226986,0.0103685,0,0,
22.08,6.27282,-2.83044,0.0754389,0.00272076,-0.00850632,-0.000541159,0.170146,-0.289567,0.0226023,0.010393,0,0,
