Time,Body[x],Body[y],Body[z],Left Shoulder [x],Left Shoulder [y],Left Shoulder [z],Right Shoulder [x],Right Shoulder [y],Right Shoulder [z],Right Elbow [x],Right Elbow [y],Right Elbow [z],Right Hand [x],Right Hand [y],Right Hand [z]
0,0,0,0,0,0,0,0,0,0,0,0,0,0,0,0,
0.03,0,0,0,0,0,0,0,0,0,0,0,0,0,0,0,
0.06,0,0,0,0,0,0,0,0,0,0,0,0,0,0,0,
0.09,0,0,0,0,0,0,0,0,0,0,0,0,0,0,0,
0.12,0,0,0,0,0,0,0,0,0,0,0,0,0,0,0,
0.15,0,0,0,0,0,0,0,0,0,0,0,0,0,0,0,
0.18,0,0,0,0,0,0,0,0,0,0,0,0,0,0,0,
0.21,0,0,0,0,0,0,0,0,0,0,0,0,0,0,0,
0.24,0,0,0,0,0,0,0,0,0,0,0,0,0,0,0,
0.27,0,0,0,0,0,0,0,0,0,0,0,0,0,0,0,
0.3,0,0,0,0,0,0,0,0,0,0,0,0,0,0,0,
0.33,0,0,0,0,0,0,0,0,0,0,0,0,0,0,0,
0.36,0,0,0,0,0,0,0,0,0,0,0,0,0,0,0,
0.39,0,0,0,0,0,0,0,0,0,0,0,0,0,0,0,
0.42,0,0,0,0,0,0,0,0,0,0,0,0,0,0,0,
0.45,0,0,0,0,0,0,0,0,0,0,0,0,0,0,0,
0.48,0,0,0,0,0,0,0,0,0,0,0,0,0,0,0,
0.51,0,0,0,0,0,0,0,0,0,0,0,0,0,0,0,
0.54,0,0,0,0,0,0,0,0,0,0,0,0,0,0,0,
0.57,0,0,0,0,0,0,0,0,0,0,0,0,0,0,0,
0.6,0,0,0,0,0,0,0,0,0,0,0,0,0,0,0,
0.63,0,0,0,0,0,0,0,0,0,0,0,0,0,0,0,
0.66,0,0,0,0,0,0,0,0,0,0,0,0,0,0,0,
0.69,0,0,0,0,0,0,0,0,0,0,0,0,0,0,0,
0.72,0,0,0,0,0,0,0,0,0,0,0,0,0,0,0,
0.75,1.50916,-0.0218816,-0.183004,1.63811,-0.166632,0.359123,1.60603,0.185509,0.331542,1.57603,0.233435,0.0773337,1.41193,0.215812,-0.201406,
0.78,1.50977,-0.0207146,-0.18447,1.63761,-0.166599,0.359043,1.60649,0.185717,0.331538,1.57738,0.234957,0.0746196,1.43037,0.236809,-0.223316,
0.81,1.51029,-0.0199329,-0.185166,1.63706,-0.166649,0.35899,1.60762,0.185678,0.332109,1.58169,0.239573,0.0734398,1.43763,0.246763,-0.222122,
0.84,1.51068,-0.0195597,-0.185421,1.63688,-0.166667,0.359,1.60949,0.185679,0.332893,1.58554,0.243796,0.0743832,1.4322,0.25248,-0.218768,
0.87,1.51077,-0.0194318,-0.185512,1.63681,-0.166671,0.359004,1.61066,0.185552,0.333352,1.58626,0.244851,0.0749199,1.42599,0.254643,-0.216986,
0.9,1.51097,-0.0194022,-0.185828,1.63536,-0.166708,0.358704,1.61158,0.185151,0.333319,1.58556,0.245243,0.0756627,1.40757,0.255923,-0.208353,
0.93,1.51095,-0.0190832,-0.186358,1.63319,-0.166821,0.357926,1.61245,0.184708,0.333056,1.57982,0.242445,0.0778347,1.38384,0.251844,-0.196771,
0.96,1.51089,-0.0189089,-0.186658,1.63224,-0.167079,0.357401,1.61334,0.183762,0.332643,1.5691,0.237482,0.0784793,1.35824,0.238879,-0.18411,
0.99,1.5107,-0.0188418,-0.186788,1.63129,-0.1676,0.356841,1.61421,0.183078,0.33218,1.55963,0.231665,0.0807734,1.33832,0.220202,-0.169156,
1.02,1.50941,-0.0194466,-0.186547,1.63016,-0.168011,0.356143,1.61481,0.182913,0.331875,1.55437,0.227394,0.083854,1.33806,0.189166,-0.161627,
1.05,1.50874,-0.0199868,-0.186393,1.62963,-0.168238,0.355699,1.61496,0.182748,0.3318,1.55269,0.225914,0.0853054,1.33096,0.180343,-0.160467,
1.08,1.50718,-0.0214696,-0.185939,1.62908,-0.16848,0.355383,1.61498,0.182479,0.331596,1.5495,0.222785,0.0874306,1.32642,0.168092,-0.156561,
1.11,1.50596,-0.0229343,-0.185456,1.62857,-0.168761,0.355149,1.61483,0.182224,0.331437,1.54768,0.220956,0.089887,1.33011,0.163695,-0.15808,
1.14,1.50529,-0.0242881,-0.185139,1.62833,-0.168841,0.355194,1.61435,0.181881,0.331387,1.54693,0.22044,0.0901122,1.33947,0.164732,-0.162939,
1.17,1.50466,-0.0250741,-0.184717,1.62825,-0.168935,0.35523,1.61365,0.181721,0.331432,1.5458,0.220071,0.0890924,1.33475,0.190054,-0.170179,
1.2,1.50414,-0.0251398,-0.18426,1.62853,-0.168931,0.355512,1.61283,0.181839,0.331807,1.54549,0.220831,0.0874678,1.34599,0.205756,-0.181709,
1.23,1.50399,-0.0249649,-0.184207,1.62835,-0.16896,0.355608,1.61217,0.181874,0.332017,1.54577,0.221928,0.0861884,1.35104,0.214119,-0.186061,
1.26,1.5038,-0.0243834,-0.184097,1.62863,-0.168924,0.356046,1.61102,0.182024,0.332401,1.54719,0.225689,0.0829374,1.36082,0.231118,-0.192523,
1.29,1.50348,-0.0234248,-0.183892,1.6285,-0.16888,0.356429,1.60954,0.181922,0.332986,1.54928,0.229758,0.0813427,1.36849,0.242909,-0.195396,
1.32,1.50318,-0.0220164,-0.184065,1.62773,-0.168733,0.356698,1.60842,0.18219,0.333283,1.55215,0.234307,0.0809074,1.37462,0.249996,-0.196281,
1.35,1.50292,-0.0208833,-0.184039,1.62693,-0.168617,0.356987,1.60756,0.182468,0.333555,1.55406,0.236577,0.0813399,1.37582,0.252632,-0.197421,
1.38,1.50282,-0.020553,-0.183996,1.62705,-0.16856,0.357072,1.60728,0.182556,0.333748,1.55435,0.23709,0.0814122,1.37481,0.252213,-0.197225,
1.41,1.50254,-0.0195236,-0.183949,1.62712,-0.168486,0.357145,1.6066,0.182922,0.333987,1.55434,0.237517,0.0813562,1.36916,0.248773,-0.195764,
1.44,1.502,-0.0183361,-0.183949,1.62512,-0.16818,0.357176,1.60571,0.183588,0.334119,1.55387,0.237352,0.0814126,1.36111,0.240423,-0.192012,
1.47,1.50141,-0.0175954,-0.183943,1.62399,-0.167985,0.357221,1.60495,0.183869,0.334107,1.55214,0.236555,0.0811495,1.3534,0.229533,-0.187682,
1.5,1.50076,-0.0173198,-0.183616,1.62438,-0.167903,0.357286,1.60449,0.184185,0.334041,1.54931,0.234441,0.0819522,1.34395,0.217945,-0.183964,
1.53,1.49986,-0.0173115,-0.183241,1.62264,-0.16785,0.356876,1.60383,0.184186,0.334201,1.5462,0.232148,0.0828567,1.33709,0.208258,-0.179581,
1.56,1.49932,-0.0173278,-0.183062,1.62141,-0.167698,0.35663,1.60357,0.184131,0.334273,1.54504,0.231083,0.0838805,1.33362,0.20515,-0.178942,
1.59,1.49869,-0.0177302,-0.182816,1.62123,-0.16773,0.35673,1.60273,0.184149,0.334078,1.54258,0.229061,0.0851873,1.32942,0.200954,-0.175955,
1.62,1.49818,-0.0182384,-0.182495,1.62053,-0.167747,0.356705,1.6025,0.184148,0.334121,1.54102,0.227805,0.085794,1.32681,0.200776,-0.17612,
1.65,1.49798,-0.0184382,-0.182394,1.62125,-0.167697,0.356854,1.60214,0.184067,0.333998,1.53996,0.227488,0.0857368,1.32489,0.203353,-0.179582,
1.68,1.49786,-0.0186263,-0.18221,1.62282,-0.167608,0.35713,1.60188,0.184118,0.334166,1.53943,0.227436,0.0855882,1.32662,0.208878,-0.182832,
1.71,1.49787,-0.0187104,-0.182159,1.62269,-0.167644,0.357333,1.60138,0.18393,0.334042,1.53912,0.227837,0.0847171,1.33152,0.215013,-0.187666,
1.74,1.49798,-0.0189326,-0.182181,1.62329,-0.167646,0.357478,1.60127,0.183832,0.334091,1.53901,0.228217,0.0840223,1.33304,0.218301,-0.192967,
1.77,1.49814,-0.0189377,-0.182247,1.62251,-0.167738,0.357618,1.60107,0.183724,0.334077,1.5389,0.229131,0.0818665,1.33839,0.224731,-0.198896,
1.8,1.49853,-0.0190626,-0.182347,1.62308,-0.167952,0.357794,1.60105,0.183646,0.334096,1.53958,0.230054,0.0807137,1.34341,0.229842,-0.203613,
1.83,1.49885,-0.0190365,-0.182464,1.62259,-0.168127,0.357859,1.60115,0.183567,0.334217,1.54088,0.230955,0.0802864,1.34613,0.232014,-0.205676,
1.86,1.49921,-0.0188714,-0.1826,1.62331,-0.168187,0.358015,1.60159,0.183575,0.334321,1.54219,0.231672,0.0799705,1.34848,0.232706,-0.207262,
1.89,1.49941,-0.0188576,-0.182569,1.62387,-0.168225,0.358067,1.60174,0.183531,0.334311,1.54293,0.231983,0.0797839,1.34832,0.232754,-0.207587,
1.92,1.49959,-0.0188593,-0.182677,1.62395,-0.168368,0.358055,1.60201,0.183408,0.334337,1.54386,0.232213,0.0791165,1.3478,0.230243,-0.208282,
1.95,1.49972,-0.0188303,-0.182831,1.62373,-0.168464,0.357907,1.60278,0.183259,0.334333,1.5446,0.23195,0.0781996,1.3463,0.22701,-0.208317,
1.98,1.49998,-0.0188979,-0.182798,1.62486,-0.168462,0.357951,1.60327,0.183054,0.334251,1.54514,0.231425,0.0774747,1.34518,0.224112,-0.20738,
2.01,1.50005,-0.0187781,-0.182879,1.62432,-0.168563,0.357801,1.60375,0.182988,0.334186,1.54557,0.231157,0.0779029,1.34367,0.221553,-0.206822,
2.04,1.50025,-0.0185945,-0.183085,1.62313,-0.168894,0.357385,1.6046,0.182683,0.334148,1.54567,0.230428,0.0770147,1.34111,0.220007,-0.204684,
2.07,1.50036,-0.0185201,-0.183182,1.62288,-0.168962,0.357264,1.60479,0.182543,0.334017,1.5456,0.230057,0.0763725,1.34051,0.219172,-0.204545,
2.1,1.50054,-0.0185825,-0.183198,1.62447,-0.168704,0.357322,1.60528,0.18226,0.333974,1.54579,0.229711,0.0761206,1.34,0.218494,-0.205114,
2.13,1.50082,-0.0186134,-0.183311,1.62484,-0.168736,0.357224,1.60576,0.182053,0.333922,1.54575,0.229343,0.0755972,1.34145,0.219333,-0.205603,
2.16,1.50114,-0.0186442,-0.183465,1.62541,-0.168739,0.357222,1.60616,0.181948,0.333675,1.5459,0.229159,0.0752553,1.34288,0.220079,-0.207261,
2.19,1.50147,-0.0187018,-0.18365,1.62593,-0.168752,0.357253,1.60654,0.181853,0.333507,1.54654,0.228972,0.0749081,1.34545,0.220589,-0.208846,
2.22,1.50184,-0.018631,-0.183662,1.62587,-0.168772,0.357241,1.60709,0.181774,0.333375,1.54741,0.228841,0.0750932,1.34762,0.221888,-0.209846,
2.25,1.50213,-0.0186206,-0.183806,1.62582,-0.168726,0.357192,1.60744,0.181662,0.333284,1.54801,0.228852,0.0751798,1.34917,0.223203,-0.210439,
2.28,1.50245,-0.0186876,-0.1838,1.62723,-0.168544,0.35737,1.60814,0.181676,0.333135,1.54874,0.228804,0.0752307,1.3495,0.224434,-0.209732,
2.31,1.5028,-0.0186921,-0.183678,1.62838,-0.168466,0.357563,1.6088,0.181698,0.333162,1.54978,0.228772,0.0755339,1.35037,0.226016,-0.20621,
2.34,1.50309,-0.0186578,-0.183799,1.62783,-0.168403,0.357286,1.60924,0.181684,0.333014,1.55079,0.22873,0.0757246,1.35073,0.226511,-0.201166,
2.37,1.5033,-0.0185831,-0.183855,1.62781,-0.168169,0.357113,1.60994,0.181902,0.332684,1.5514,0.228743,0.0757864,1.35047,0.226661,-0.200374,
2.4,1.50342,-0.0184535,-0.183814,1.6276,-0.16806,0.357071,1.6103,0.181976,0.332584,1.55179,0.228783,0.0758277,1.35134,0.226786,-0.198503,
2.43,1.50362,-0.0184147,-0.18386,1.6277,-0.167877,0.357024,1.61064,0.181822,0.33245,1.55215,0.228808,0.0758083,1.35143,0.226735,-0.198454,
2.46,1.50366,-0.0184128,-0.183871,1.6276,-0.167933,0.356837,1.61091,0.181763,0.332291,1.55236,0.228793,0.0757625,1.35024,0.226012,-0.197782,
2.49,1.50374,-0.0183847,-0.183907,1.62716,-0.167837,0.356528,1.6113,0.181808,0.332213,1.5526,0.228742,0.0757159,1.35055,0.225959,-0.197504,
2.52,1.50379,-0.0183544,-0.183934,1.62695,-0.167903,0.35634,1.61165,0.181776,0.332173,1.55304,0.22868,0.0759323,1.35186,0.225838,-0.197606,
2.55,1.50382,-0.0183677,-0.183931,1.628,-0.167893,0.35658,1.61179,0.181665,0.332005,1.55339,0.228686,0.0761653,1.35226,0.225951,-0.197173,
2.58,1.50381,-0.018358,-0.183948,1.62774,-0.167891,0.356394,1.61182,0.181667,0.332006,1.5534,0.228675,0.0761735,1.35152,0.225956,-0.197147,
2.61,1.50393,-0.0183514,-0.183931,1.62853,-0.167829,0.356579,1.61218,0.181813,0.331898,1.55363,0.228683,0.076202,1.35265,0.226572,-0.197224,
2.64,1.50397,-0.0183464,-0.183933,1.62909,-0.167754,0.356737,1.61206,0.181918,0.331821,1.5537,0.228712,0.0761751,1.35206,0.226486,-0.197078,
2.67,1.50403,-0.0183479,-0.183997,1.62843,-0.167564,0.356329,1.6123,0.182101,0.331625,1.55371,0.228739,0.0761692,1.3527,0.225891,-0.197175,
2.7,1.50404,-0.0183458,-0.184075,1.62792,-0.167418,0.356047,1.6123,0.18212,0.331517,1.55368,0.228755,0.0761146,1.35178,0.225724,-0.197348,
2.73,1.50411,-0.0183048,-0.184106,1.6281,-0.167313,0.356043,1.6124,0.182232,0.33144,1.55374,0.22878,0.0760364,1.35167,0.225558,-0.197422,
2.76,1.50409,-0.0180471,-0.184051,1.62835,-0.167256,0.356122,1.61263,0.182469,0.331378,1.55382,0.228853,0.0761059,1.35181,0.22529,-0.197333,
2.79,1.50407,-0.0179796,-0.184106,1.62792,-0.167069,0.355941,1.61267,0.182625,0.331259,1.55382,0.228888,0.0761099,1.35228,0.225426,-0.197706,
2.82,1.50409,-0.017944,-0.184104,1.62782,-0.166948,0.355868,1.61278,0.182894,0.331125,1.55385,0.228949,0.0761243,1.35232,0.225771,-0.198007,
2.85,1.50405,-0.0177849,-0.184137,1.62729,-0.16684,0.355608,1.61279,0.182915,0.331102,1.55386,0.229022,0.0759872,1.35243,0.226939,-0.198687,
2.88,1.50403,-0.0177796,-0.184143,1.62747,-0.166852,0.355683,1.61279,0.182947,0.33112,1.55386,0.229084,0.0759756,1.35219,0.227949,-0.198774,
2.91,1.50404,-0.0176598,-0.184119,1.62792,-0.166838,0.355832,1.61281,0.183105,0.331101,1.55391,0.229241,0.0759987,1.35253,0.228401,-0.198843,
2.94,1.50405,-0.0173833,-0.184154,1.62782,-0.166733,0.35581,1.6128,0.183121,0.331128,1.55393,0.22954,0.0760028,1.35148,0.228507,-0.199572,
2.97,1.50411,-0.017214,-0.184225,1.62713,-0.166471,0.355473,1.6129,0.183367,0.331228,1.55392,0.229912,0.0758788,1.35188,0.229141,-0.20036,
3,1.50415,-0.0169095,-0.184196,1.62728,-0.166325,0.355613,1.61288,0.183567,0.331363,1.55385,0.230434,0.0757897,1.35137,0.229051,-0.201621,
3.03,1.50424,-0.0167709,-0.184211,1.62739,-0.166313,0.355732,1.61283,0.183656,0.331442,1.55355,0.23092,0.0755235,1.35106,0.228964,-0.203577,
3.06,1.50442,-0.016343,-0.184395,1.62661,-0.166131,0.355518,1.61276,0.183848,0.331476,1.55335,0.231606,0.0755423,1.34854,0.229219,-0.205407,
3.09,1.50448,-0.0162396,-0.184402,1.6269,-0.165999,0.355721,1.61282,0.184141,0.331578,1.55341,0.231928,0.0756254,1.34895,0.229541,-0.207101,
3.12,1.50461,-0.0160569,-0.184464,1.62652,-0.165942,0.35565,1.61285,0.184315,0.331628,1.55346,0.23228,0.0757515,1.34918,0.23032,-0.207947,
3.15,1.50487,-0.0155187,-0.184561,1.62603,-0.165568,0.355613,1.61317,0.185047,0.33192,1.5537,0.232872,0.0760304,1.34955,0.23071,-0.209427,
3.18,1.50495,-0.0153418,-0.184637,1.62576,-0.165348,0.355542,1.61331,0.18529,0.331948,1.55376,0.232992,0.0760416,1.35016,0.23136,-0.209475,
3.21,1.50506,-0.0149892,-0.184764,1.62535,-0.165002,0.355491,1.61335,0.185705,0.332016,1.55377,0.233373,0.0758568,1.3509,0.231598,-0.210304,
3.24,1.50526,-0.014679,-0.184631,1.62593,-0.164948,0.35577,1.61343,0.185732,0.332056,1.55405,0.233658,0.0758032,1.35212,0.23163,-0.211441,
3.27,1.50536,-0.014401,-0.184553,1.6256,-0.164716,0.355793,1.61403,0.186263,0.332268,1.55425,0.233915,0.0756429,1.35215,0.231586,-0.212146,
3.3,1.50556,-0.0140126,-0.184698,1.62496,-0.164248,0.355823,1.61437,0.186633,0.33224,1.55466,0.234158,0.0757412,1.35223,0.231261,-0.212392,
3.33,1.5056,-0.0135265,-0.184453,1.62527,-0.164094,0.356005,1.61464,0.187042,0.332422,1.55503,0.234331,0.0758864,1.35219,0.230757,-0.212846,
3.36,1.50561,-0.0132537,-0.184634,1.62546,-0.163741,0.355941,1.61505,0.187929,0.332384,1.5551,0.234533,0.0757403,1.35214,0.230198,-0.21336,
3.39,1.50531,-0.012589,-0.184698,1.62451,-0.163161,0.355782,1.61464,0.188367,0.33245,1.55508,0.234723,0.0758489,1.35212,0.230101,-0.214834,
3.42,1.50528,-0.0124452,-0.184673,1.62518,-0.163208,0.355985,1.61471,0.18888,0.332461,1.5551,0.234772,0.075862,1.35115,0.230079,-0.214577,
3.45,1.50519,-0.0122287,-0.18465,1.62529,-0.163189,0.356056,1.61427,0.189332,0.332369,1.55475,0.2349,0.0752172,1.3512,0.229826,-0.214512,
3.48,1.50507,-0.0120273,-0.184544,1.62648,-0.163395,0.356482,1.61411,0.189452,0.332467,1.55472,0.235043,0.0754054,1.35074,0.229818,-0.21455,
3.51,1.50485,-0.0117022,-0.184669,1.62545,-0.162993,0.356374,1.61376,0.189523,0.332428,1.55457,0.23511,0.0754027,1.3502,0.229909,-0.214924,
3.54,1.5048,-0.0116633,-0.184643,1.62582,-0.163048,0.356461,1.61365,0.189717,0.332351,1.55459,0.235164,0.0755112,1.35005,0.229924,-0.214804,
3.57,1.50463,-0.0113658,-0.184537,1.62626,-0.163144,0.356593,1.61318,0.189819,0.332335,1.5543,0.235271,0.0755236,1.34995,0.229329,-0.215399,
3.6,1.50429,-0.0109523,-0.184632,1.62454,-0.162685,0.356191,1.61273,0.189997,0.332231,1.55406,0.235385,0.07549,1.35002,0.22961,-0.214914,
3.63,1.50413,-0.0107558,-0.184416,1.62537,-0.162857,0.356449,1.61244,0.190369,0.332037,1.55386,0.235469,0.0755237,1.34936,0.229353,-0.215197,
3.66,1.50383,-0.0106196,-0.184523,1.62347,-0.16186,0.356166,1.61212,0.190787,0.331953,1.55274,0.235497,0.0746422,1.34876,0.229318,-0.214919,
3.69,1.50356,-0.0104969,-0.18427,1.62437,-0.162177,0.356472,1.61184,0.19123,0.332161,1.55214,0.235538,0.0744807,1.34798,0.22903,-0.215003,
3.72,1.50349,-0.010489,-0.184264,1.62468,-0.162286,0.356548,1.61156,0.191323,0.332075,1.55196,0.235622,0.0747349,1.34783,0.229195,-0.214837,
3.75,1.50318,-0.0104099,-0.184378,1.62297,-0.161682,0.356193,1.6111,0.191233,0.33208,1.55059,0.235343,0.0735041,1.34706,0.229066,-0.214469,
3.78,1.50294,-0.0102854,-0.184213,1.62328,-0.161765,0.356431,1.61097,0.191332,0.332214,1.55042,0.235429,0.0737254,1.34707,0.228947,-0.214519,
3.81,1.50276,-0.0102026,-0.184227,1.62222,-0.161499,0.356285,1.61093,0.191797,0.33237,1.54987,0.235449,0.0732244,1.34647,0.229067,-0.214676,
3.84,1.50262,-0.010152,-0.184273,1.62273,-0.161805,0.356514,1.61052,0.191827,0.332284,1.54971,0.235528,0.0734806,1.34641,0.229481,-0.21462,
3.87,1.50255,-0.0101687,-0.18425,1.62399,-0.162294,0.35676,1.6103,0.191704,0.332281,1.54943,0.235579,0.073393,1.34725,0.230303,-0.214562,
3.9,1.5024,-0.0101035,-0.184308,1.62324,-0.162156,0.356644,1.61011,0.191724,0.332254,1.5494,0.235624,0.0736366,1.34635,0.230112,-0.214892,
3.93,1.50225,-0.00990932,-0.184351,1.62336,-0.162242,0.356702,1.60991,0.191749,0.332169,1.54935,0.23576,0.0738745,1.34663,0.230469,-0.214691,
3.96,1.5021,-0.00985612,-0.184397,1.62227,-0.16205,0.356445,1.6098,0.191633,0.332213,1.54915,0.235816,0.073828,1.34665,0.230825,-0.214626,
3.99,1.50202,-0.00981036,-0.184471,1.6217,-0.161928,0.356326,1.60956,0.191486,0.332227,1.54926,0.235929,0.0742922,1.34709,0.230993,-0.214607,
4.02,1.50188,-0.00976583,-0.184531,1.62126,-0.161846,0.356208,1.60931,0.191597,0.332106,1.54924,0.235976,0.0744217,1.34658,0.230894,-0.214573,
4.05,1.50191,-0.00972869,-0.184541,1.6226,-0.162226,0.356565,1.60924,0.191395,0.33215,1.54932,0.236122,0.0745525,1.34774,0.231298,-0.214423,
4.08,1.50192,-0.00971341,-0.184561,1.62231,-0.162164,0.356487,1.60917,0.191323,0.332137,1.54937,0.236169,0.0748468,1.34717,0.231145,-0.214117,
4.11,1.50186,-0.00968298,-0.184626,1.62168,-0.161975,0.356237,1.60906,0.191398,0.332126,1.54931,0.236213,0.0749176,1.3454,0.230804,-0.21401,
4.14,1.50177,-0.00968994,-0.184721,1.62098,-0.161726,0.356098,1.60889,0.191281,0.332151,1.54908,0.236355,0.0752771,1.34525,0.231539,-0.21339,
4.17,1.50179,-0.00971741,-0.184748,1.62255,-0.162319,0.356368,1.60883,0.191252,0.332123,1.54901,0.236435,0.0753404,1.34549,0.231605,-0.213324,
4.2,1.5018,-0.00979,-0.184726,1.62339,-0.162652,0.356642,1.6087,0.191146,0.332121,1.54896,0.236571,0.0756577,1.34481,0.23189,-0.213447,
4.23,1.50181,-0.00979197,-0.184721,1.62313,-0.162562,0.356637,1.60869,0.191143,0.332142,1.54886,0.236677,0.0756873,1.34487,0.232126,-0.213292,
4.26,1.50189,-0.00975095,-0.184618,1.62256,-0.16232,0.356604,1.60889,0.191484,0.332431,1.54878,0.236765,0.0756396,1.34525,0.23304,-0.213028,
4.29,1.50197,-0.00977353,-0.184598,1.62244,-0.162263,0.35661,1.60891,0.191621,0.332521,1.54869,0.237017,0.0757191,1.34449,0.233376,-0.213082,
4.32,1.50199,-0.00978289,-0.184577,1.62237,-0.162233,0.356607,1.60895,0.191619,0.332634,1.54867,0.237366,0.075839,1.34489,0.233375,-0.211123,
4.35,1.50198,-0.00963029,-0.184634,1.62223,-0.162199,0.356569,1.60877,0.191384,0.332547,1.54861,0.237543,0.075896,1.34464,0.233574,-0.21155,
4.38,1.50225,-0.00956107,-0.184553,1.62476,-0.162937,0.35721,1.6088,0.191383,0.332623,1.5487,0.237653,0.0760693,1.34575,0.233845,-0.211504,
4.41,1.50227,-0.0095292,-0.184569,1.62459,-0.162916,0.357216,1.60878,0.191403,0.332584,1.54871,0.237699,0.0760914,1.34473,0.233586,-0.21108,
4.44,1.50234,-0.00951127,-0.184598,1.62415,-0.162723,0.357089,1.60884,0.191453,0.33261,1.54875,0.237805,0.0762788,1.34589,0.233759,-0.211381,
4.47,1.50235,-0.00947891,-0.184605,1.6248,-0.162894,0.357099,1.60877,0.191195,0.332628,1.54877,0.237905,0.0763689,1.34603,0.233522,-0.212502,
4.5,1.5024,-0.00943225,-0.184642,1.62443,-0.162706,0.356981,1.60867,0.190877,0.332598,1.54885,0.23792,0.076593,1.34566,0.233197,-0.213293,
4.53,1.50246,-0.00929645,-0.184626,1.62426,-0.162588,0.356903,1.60868,0.190863,0.332602,1.54897,0.237923,0.0767107,1.34633,0.233591,-0.212868,
4.56,1.50254,-0.00921301,-0.184613,1.62468,-0.162641,0.356909,1.60892,0.191215,0.332761,1.54905,0.237959,0.0767759,1.34689,0.233721,-0.2133,
4.59,1.50253,-0.00915572,-0.184616,1.62449,-0.162533,0.356833,1.60905,0.191297,0.332876,1.54908,0.237997,0.076751,1.3467,0.233878,-0.213378,
4.62,1.50259,-0.00896961,-0.184687,1.62384,-0.161939,0.35672,1.60906,0.191343,0.332894,1.54928,0.238209,0.0768344,1.34693,0.234287,-0.213702,
4.65,1.50259,-0.00889663,-0.184713,1.62342,-0.161584,0.356624,1.60899,0.19139,0.332874,1.54925,0.238344,0.0766507,1.34654,0.234352,-0.21345,
4.68,1.50257,-0.00885846,-0.184732,1.62425,-0.161674,0.356759,1.60903,0.191485,0.332963,1.54927,0.238478,0.076658,1.3463,0.234285,-0.2135,
4.71,1.50254,-0.00864687,-0.184712,1.62426,-0.161588,0.356666,1.60906,0.192088,0.333244,1.54912,0.238716,0.0766694,1.3455,0.234153,-0.21334,
4.74,1.50251,-0.00864592,-0.184634,1.62547,-0.161931,0.356938,1.60897,0.192488,0.333196,1.54907,0.238864,0.0767414,1.34479,0.233754,-0.213596,
4.77,1.50251,-0.00852551,-0.184522,1.62595,-0.162097,0.357074,1.60893,0.192666,0.333236,1.54903,0.238917,0.0767057,1.34448,0.23347,-0.2139,
4.8,1.50245,-0.00831484,-0.184584,1.62465,-0.161355,0.356728,1.60881,0.192917,0.333368,1.54888,0.239021,0.076573,1.3448,0.233317,-0.21391,
4.83,1.50243,-0.00824164,-0.184602,1.62384,-0.160815,0.356706,1.60874,0.193116,0.333615,1.54861,0.239188,0.0763452,1.34458,0.233306,-0.213942,
4.86,1.50229,-0.00800464,-0.184549,1.62302,-0.16042,0.356529,1.60855,0.193153,0.333727,1.54833,0.239343,0.0761245,1.34496,0.233785,-0.214063,
4.89,1.50218,-0.00777906,-0.184494,1.6226,-0.160156,0.356449,1.60857,0.193667,0.333919,1.54802,0.239514,0.075915,1.34437,0.233958,-0.213818,
4.92,1.50199,-0.00772817,-0.184406,1.62229,-0.160011,0.356407,1.60855,0.193782,0.334205,1.5477,0.239652,0.0756608,1.34439,0.234174,-0.213813,
4.95,1.50197,-0.00769863,-0.184362,1.6232,-0.160434,0.356564,1.60845,0.194049,0.334255,1.54766,0.239745,0.0757187,1.34453,0.233987,-0.213754,
4.98,1.50182,-0.00756304,-0.184264,1.62247,-0.160146,0.356371,1.60814,0.194138,0.334208,1.54726,0.239955,0.0754028,1.34398,0.233832,-0.213663,
5.01,1.50176,-0.00745598,-0.184225,1.62305,-0.160535,0.356526,1.60817,0.19458,0.334241,1.5472,0.240039,0.0754604,1.34447,0.23372,-0.214022,
5.04,1.50166,-0.00738754,-0.184251,1.62184,-0.16005,0.356349,1.60804,0.194867,0.334291,1.54714,0.240078,0.075591,1.34385,0.23335,-0.214436,
5.07,1.50148,-0.00721654,-0.184222,1.62118,-0.159833,0.356176,1.60773,0.19448,0.334163,1.54702,0.240086,0.0756479,1.34445,0.233459,-0.214041,
5.1,1.50142,-0.00719648,-0.18425,1.62097,-0.159813,0.356137,1.60757,0.194528,0.334029,1.54702,0.240099,0.0756748,1.34431,0.233199,-0.213993,
5.13,1.50133,-0.0070756,-0.184272,1.62047,-0.159743,0.355932,1.60754,0.194736,0.334179,1.54687,0.240105,0.0758136,1.34433,0.233369,-0.214157,
5.16,1.50127,-0.00699679,-0.18429,1.62,-0.159636,0.355847,1.60747,0.194927,0.334232,1.54678,0.240055,0.0757656,1.34417,0.233426,-0.214259,
5.19,1.50121,-0.00683864,-0.184222,1.61973,-0.159598,0.355829,1.60734,0.194951,0.334221,1.54675,0.240035,0.0757558,1.34408,0.23376,-0.214073,
5.22,1.50116,-0.00682462,-0.18421,1.62122,-0.160305,0.356142,1.60706,0.194972,0.334219,1.54672,0.240009,0.0757643,1.34394,0.233769,-0.214033,
5.25,1.50104,-0.00678744,-0.184271,1.62066,-0.160169,0.35611,1.6069,0.195015,0.334244,1.5467,0.24003,0.0757779,1.34347,0.233595,-0.214495,
5.28,1.50087,-0.00687947,-0.184189,1.62111,-0.160612,0.356328,1.60661,0.195133,0.334256,1.54649,0.240096,0.0758787,1.34314,0.23362,-0.214202,
5.31,1.50084,-0.00687904,-0.184206,1.62029,-0.160396,0.356282,1.60639,0.195073,0.33427,1.54635,0.240169,0.0758344,1.34345,0.233588,-0.213893,
5.34,1.5007,-0.0069538,-0.184084,1.62225,-0.161309,0.356693,1.60612,0.195035,0.334283,1.54619,0.240229,0.0759425,1.34151,0.233302,-0.213848,
5.37,1.50057,-0.00699721,-0.184039,1.62183,-0.161371,0.356554,1.60596,0.195127,0.334228,1.54567,0.240313,0.0753706,1.34247,0.233535,-0.213805,
5.4,1.50043,-0.00699064,-0.184165,1.62015,-0.160907,0.356411,1.60538,0.194983,0.334093,1.54521,0.240431,0.0751433,1.34161,0.233433,-0.213395,
5.43,1.50035,-0.00699144,-0.184153,1.62098,-0.161249,0.356568,1.6053,0.195078,0.334094,1.54498,0.24047,0.0749624,1.34138,0.233364,-0.212961,
5.46,1.50024,-0.00689809,-0.184187,1.62045,-0.161217,0.356384,1.60512,0.195079,0.334083,1.54495,0.240496,0.0750244,1.34188,0.233732,-0.21292,
5.49,1.5001,-0.00687367,-0.184141,1.62204,-0.161752,0.35668,1.60478,0.194622,0.333918,1.54463,0.240554,0.0750703,1.3411,0.234332,-0.212724,
5.52,1.49992,-0.00685335,-0.184188,1.62048,-0.161365,0.356418,1.60443,0.194666,0.33393,1.54429,0.240541,0.075334,1.34045,0.234522,-0.212442,
5.55,1.49976,-0.00676603,-0.184218,1.61973,-0.161176,0.356385,1.60414,0.194761,0.333986,1.5437,0.240633,0.0755308,1.33943,0.234822,-0.212356,
5.58,1.49966,-0.00681918,-0.184153,1.62072,-0.161401,0.356756,1.6035,0.194563,0.334188,1.54293,0.240788,0.0754199,1.33774,0.234773,-0.211711,
5.61,1.49964,-0.00676228,-0.184135,1.62162,-0.161691,0.356932,1.60316,0.194587,0.334229,1.54275,0.240872,0.0754491,1.33911,0.235461,-0.210148,
5.64,1.49959,-0.0067282,-0.184132,1.62117,-0.161487,0.356966,1.60298,0.194205,0.334305,1.54234,0.241065,0.0755165,1.3386,0.235422,-0.210016,
5.67,1.4995,-0.00665914,-0.183959,1.62148,-0.161366,0.357336,1.60301,0.194028,0.334306,1.54185,0.24124,0.0754195,1.33778,0.235934,-0.210209,
5.7,1.4995,-0.00665641,-0.183908,1.62281,-0.161656,0.357701,1.60292,0.194189,0.334349,1.54137,0.241514,0.0752884,1.33878,0.236249,-0.2109,
5.73,1.49932,-0.00662105,-0.184045,1.61979,-0.160522,0.357581,1.60246,0.194438,0.334221,1.54102,0.241721,0.0754704,1.3383,0.236498,-0.210857,
5.76,1.49923,-0.00653118,-0.18398,1.62162,-0.160885,0.357881,1.60212,0.194563,0.334429,1.54052,0.241906,0.0750788,1.33772,0.236455,-0.211505,
5.79,1.49921,-0.0064126,-0.183941,1.62217,-0.161057,0.357966,1.60191,0.194699,0.334581,1.54027,0.242058,0.0745452,1.33881,0.236689,-0.211804,
5.82,1.49902,-0.00604229,-0.184024,1.62017,-0.159924,0.357621,1.60144,0.195142,0.334574,1.53998,0.242384,0.0746089,1.33888,0.237069,-0.212183,
5.85,1.49887,-0.0056624,-0.184185,1.61817,-0.158533,0.357769,1.60112,0.195742,0.334572,1.53991,0.242544,0.0746572,1.33934,0.237129,-0.212256,
5.88,1.49884,-0.00519765,-0.184291,1.61787,-0.158086,0.357821,1.60099,0.19596,0.334672,1.53994,0.242755,0.074985,1.33954,0.237835,-0.212208,
5.91,1.49885,-0.00488715,-0.184392,1.61747,-0.157721,0.357837,1.60066,0.19656,0.33447,1.54014,0.243245,0.0756169,1.33906,0.238045,-0.212591,
5.94,1.49872,-0.00447871,-0.184489,1.61701,-0.157296,0.357705,1.60033,0.197472,0.334275,1.54014,0.243603,0.0758784,1.33868,0.238583,-0.21284,
5.97,1.4987,-0.0042971,-0.184586,1.61676,-0.157068,0.35757,1.60021,0.197612,0.334239,1.53996,0.243924,0.0756822,1.33939,0.23904,-0.213116,
6,1.49864,-0.00377254,-0.184643,1.61651,-0.156562,0.357428,1.60014,0.198381,0.334009,1.54016,0.244503,0.0761561,1.33887,0.23964,-0.212944,
6.03,1.4986,-0.00364203,-0.184709,1.6164,-0.156287,0.357385,1.60016,0.198908,0.333948,1.54016,0.244868,0.0759511,1.33937,0.239508,-0.212102,
6.06,1.49853,-0.00283887,-0.184795,1.61605,-0.155659,0.357112,1.60004,0.200028,0.333726,1.54015,0.245651,0.0757916,1.34084,0.239965,-0.212019,
6.09,1.49851,-0.00241048,-0.184749,1.61584,-0.155188,0.357025,1.59977,0.20037,0.333687,1.53991,0.246228,0.0754755,1.34022,0.240043,-0.211752,
6.12,1.49843,-0.00199369,-0.184738,1.6157,-0.154942,0.356873,1.59974,0.200749,0.333597,1.53986,0.246448,0.0754741,1.33993,0.239991,-0.211569,
6.15,1.49828,-0.00130157,-0.184684,1.61543,-0.154462,0.35677,1.59957,0.201138,0.333528,1.53969,0.246909,0.0752593,1.34038,0.240358,-0.211799,
6.18,1.49822,-0.000842472,-0.184715,1.61537,-0.154129,0.356745,1.59951,0.201751,0.333534,1.53955,0.247386,0.075278,1.33998,0.240766,-0.212181,
6.21,1.49811,-0.000303045,-0.184757,1.61528,-0.153782,0.35674,1.5994,0.202416,0.33357,1.53946,0.247654,0.0753324,1.33998,0.240616,-0.212227,
6.24,1.4981,-0.000116368,-0.184743,1.61539,-0.153615,0.356812,1.5993,0.202499,0.333522,1.53944,0.247791,0.0753354,1.34063,0.241013,-0.212024,
6.27,1.49802,0.000379273,-0.184733,1.61527,-0.153188,0.356741,1.59925,0.202941,0.333596,1.53925,0.248119,0.07489,1.34044,0.241187,-0.212618,
6.3,1.49803,0.000658657,-0.184704,1.61524,-0.152803,0.356698,1.59928,0.203685,0.333718,1.53924,0.248428,0.0750381,1.3401,0.24124,-0.212575,
6.33,1.49791,0.000981898,-0.184635,1.61522,-0.15257,0.356691,1.59924,0.203849,0.333798,1.53923,0.248656,0.0750421,1.33934,0.241043,-0.212313,
6.36,1.49785,0.00117059,-0.184568,1.61514,-0.152332,0.356669,1.59918,0.204082,0.333807,1.5391,0.248834,0.0749898,1.33941,0.241582,-0.212397,
6.39,1.49786,0.00139652,-0.184569,1.61505,-0.151772,0.35655,1.59898,0.204354,0.333791,1.53892,0.249147,0.0749725,1.33931,0.241491,-0.212124,
6.42,1.4978,0.00176031,-0.184458,1.61511,-0.151356,0.356526,1.5987,0.204764,0.333855,1.53878,0.249402,0.074984,1.33874,0.241531,-0.21211,
6.45,1.49776,0.00182919,-0.184457,1.6151,-0.151194,0.356474,1.59859,0.204783,0.33391,1.53845,0.249592,0.074766,1.33812,0.241623,-0.21223,
6.48,1.49773,0.00193139,-0.184495,1.6151,-0.150855,0.356511,1.59832,0.205095,0.333838,1.53809,0.249837,0.0745787,1.33839,0.242055,-0.212182,
6.51,1.49777,0.00222206,-0.184472,1.61528,-0.150471,0.356619,1.59817,0.205663,0.333656,1.5381,0.250224,0.0747117,1.33889,0.243183,-0.211878,
6.54,1.4978,0.00261284,-0.184389,1.61531,-0.150118,0.356721,1.59814,0.206074,0.333637,1.53792,0.250509,0.0745532,1.33897,0.243373,-0.212011,
6.57,1.49778,0.0027594,-0.184459,1.6153,-0.15002,0.356706,1.59802,0.206275,0.333606,1.53781,0.250694,0.074596,1.33923,0.243374,-0.212117,
6.6,1.49773,0.00308368,-0.184374,1.61531,-0.149534,0.35686,1.59779,0.206667,0.33357,1.53786,0.251192,0.0748765,1.33951,0.243603,-0.212558,
6.63,1.49778,0.00319205,-0.184339,1.61534,-0.149421,0.35694,1.59777,0.206767,0.333574,1.53787,0.251226,0.0748595,1.33984,0.243798,-0.212657,
6.66,1.49781,0.00344176,-0.184252,1.61531,-0.149103,0.357002,1.59772,0.207128,0.333632,1.5379,0.251461,0.0749858,1.33952,0.243928,-0.212335,
6.69,1.49781,0.00350855,-0.184268,1.61523,-0.148893,0.357127,1.59765,0.207265,0.333675,1.5377,0.251765,0.0751168,1.33825,0.243663,-0.213108,
6.72,1.49778,0.00355149,-0.184257,1.61522,-0.148801,0.357185,1.59743,0.207223,0.333764,1.53737,0.25183,0.0748044,1.3365,0.243784,-0.212632,
6.75,1.49775,0.00372117,-0.184214,1.61517,-0.148683,0.35731,1.59733,0.207294,0.333852,1.53717,0.252069,0.0748136,1.33658,0.24381,-0.212902,
6.78,1.49774,0.00378365,-0.184207,1.61505,-0.148588,0.357372,1.59715,0.207356,0.333811,1.53703,0.252157,0.0750027,1.33624,0.243532,-0.212553,
6.81,1.49766,0.0039546,-0.184181,1.61477,-0.148447,0.357457,1.59657,0.207248,0.333859,1.53675,0.252349,0.0752076,1.3363,0.243802,-0.21158,
6.84,1.49759,0.00400908,-0.184163,1.61464,-0.148408,0.357547,1.59605,0.20723,0.33392,1.53662,0.252441,0.0753105,1.33614,0.243892,-0.21138,
6.87,1.49753,0.00405034,-0.18414,1.61449,-0.148363,0.357628,1.59578,0.207178,0.333999,1.53644,0.252585,0.0754929,1.33467,0.243861,-0.21248,
6.9,1.49731,0.00411982,-0.184011,1.61412,-0.148266,0.357783,1.59534,0.207314,0.334046,1.53613,0.252808,0.0759305,1.33491,0.244224,-0.21246,
6.93,1.49698,0.00434692,-0.183906,1.61302,-0.148153,0.358072,1.59437,0.207398,0.334394,1.53542,0.253088,0.0762829,1.33428,0.244621,-0.212261,
6.96,1.49647,0.00457763,-0.183875,1.61197,-0.148225,0.358285,1.59331,0.207551,0.334682,1.53433,0.253414,0.0761577,1.33286,0.245065,-0.212065,
6.99,1.49584,0.00486154,-0.183797,1.61106,-0.148235,0.358448,1.59176,0.207264,0.334972,1.53357,0.253566,0.075885,1.33095,0.245052,-0.210775,
7.02,1.49398,0.00516481,-0.183865,1.60759,-0.148003,0.358933,1.5889,0.207655,0.33512,1.53069,0.253969,0.0756821,1.32778,0.245034,-0.210527,
7.05,1.49252,0.00560414,-0.183631,1.60497,-0.147742,0.359514,1.58579,0.207417,0.33527,1.52912,0.254089,0.076644,1.32756,0.244941,-0.210919,
7.08,1.49148,0.00577132,-0.183215,1.60343,-0.147688,0.360067,1.58417,0.207455,0.335514,1.52813,0.254114,0.0772152,1.32574,0.244925,-0.210457,
7.11,1.49066,0.00598465,-0.183082,1.60141,-0.147615,0.360533,1.58272,0.207463,0.33597,1.52718,0.254081,0.0776405,1.32522,0.244861,-0.212051,
7.14,1.48261,0.00605213,-0.180443,1.58791,-0.146576,0.363558,1.57199,0.206678,0.337015,1.52174,0.253298,0.0798105,1.31781,0.239917,-0.211986,
7.17,1.47862,0.00451851,-0.179488,1.58393,-0.146772,0.364271,1.56819,0.206369,0.337156,1.51788,0.252955,0.0798132,1.31297,0.236742,-0.211812,
7.2,1.47118,0.000848185,-0.177811,1.57569,-0.148237,0.365527,1.56096,0.206021,0.338293,1.50719,0.250343,0.0821229,1.29752,0.223529,-0.20961,
7.23,1.46057,-0.00986541,-0.175981,1.5662,-0.152339,0.368446,1.54537,0.200708,0.339398,1.48659,0.24221,0.0889118,1.26735,0.199188,-0.20182,
7.26,1.44711,-0.0321374,-0.171386,1.55453,-0.160133,0.37187,1.52634,0.191782,0.339769,1.4642,0.22681,0.100108,1.22328,0.162514,-0.185057,
7.29,1.43174,-0.0608522,-0.167714,1.54087,-0.171038,0.373691,1.4988,0.174177,0.3389,1.43767,0.2059,0.115675,1.17915,0.111909,-0.149222,
7.32,1.41479,-0.0893658,-0.169381,1.51425,-0.192771,0.373041,1.46809,0.150469,0.335672,1.38436,0.17295,0.116942,1.12101,0.054177,-0.12652,
7.35,1.40709,-0.098267,-0.173403,1.50108,-0.207987,0.370981,1.45091,0.137054,0.332073,1.35995,0.155947,0.113695,1.07432,0.0134883,-0.125596,
7.38,1.3875,-0.121931,-0.182046,1.46974,-0.242649,0.360901,1.4096,0.0990536,0.324459,1.29834,0.110349,0.110275,1.00328,-0.0606424,-0.0914472,
7.41,1.36051,-0.161656,-0.191676,1.44031,-0.271408,0.351454,1.38308,0.0704838,0.321863,1.24458,0.0550793,0.112184,0.930109,-0.128083,-0.054989,
7.44,1.32903,-0.20699,-0.201568,1.3775,-0.347714,0.3445,1.30229,-0.025023,0.321517,1.18453,-0.00738363,0.114571,0.845006,-0.194843,-0.0203815,
7.47,1.30162,-0.270005,-0.207325,1.31623,-0.426762,0.34386,1.23839,-0.100219,0.319209,1.11486,-0.08244,0.115906,0.762291,-0.240659,0.0018666,
7.5,1.2938,-0.299607,-0.207933,1.28219,-0.467295,0.343772,1.20319,-0.138977,0.318763,1.06953,-0.120436,0.112762,0.719338,-0.270278,0.00888826,
7.53,1.28764,-0.329269,-0.206615,1.25327,-0.502057,0.341555,1.17511,-0.16869,0.319298,1.02734,-0.155474,0.105681,0.676119,-0.293911,0.0118379,
7.56,1.27718,-0.371833,-0.205166,1.19208,-0.557396,0.337059,1.11668,-0.225601,0.315813,0.951071,-0.209819,0.084659,0.608403,-0.328548,0.00186652,
7.59,1.26675,-0.417643,-0.205173,1.13815,-0.611041,0.320106,1.06089,-0.278381,0.298505,0.890538,-0.259655,0.0672754,0.596685,-0.345025,-0.0296583,
7.62,1.26718,-0.419287,-0.204784,1.12603,-0.624728,0.315076,1.04967,-0.287842,0.295018,0.885363,-0.26532,0.06635,0.594505,-0.348725,-0.0411771,
7.65,1.31997,-0.471759,-0.21784,1.06569,-0.681426,0.2987,1.00039,-0.338361,0.285676,0.875055,-0.286047,0.0653513,0.661042,-0.345396,-0.0532487,
7.68,1.30135,-0.481475,-0.181019,1.06008,-0.685325,0.296348,0.992955,-0.344653,0.281965,0.87262,-0.292606,0.0647088,0.669283,-0.345673,-0.0571687,
7.71,1.31272,-0.58943,-0.221776,1.02407,-0.684637,0.273834,0.970604,-0.367555,0.263243,0.866252,-0.305475,0.0567157,0.682622,-0.345122,-0.0659808,
7.74,1.31502,-0.597167,-0.21362,0.984756,-0.660275,0.240918,0.961504,-0.377528,0.263386,0.867613,-0.312671,0.0529796,0.698352,-0.347374,-0.0770221,
7.77,1.26325,-0.573394,-0.20439,0.981789,-0.659176,0.237216,0.953984,-0.385362,0.261902,0.868381,-0.319654,0.0478292,0.668384,-0.357287,-0.0937695,
7.8,1.23351,-0.593799,-0.2328,0.96858,-0.65146,0.212322,0.942805,-0.396054,0.250582,0.86479,-0.325869,0.0359008,0.664734,-0.358958,-0.0967118,
7.83,1.22509,-0.596621,-0.23569,0.966183,-0.650573,0.213939,0.942032,-0.397263,0.250823,0.862825,-0.331247,0.0329021,0.663893,-0.35833,-0.0986851,
7.86,1.21853,-0.597411,-0.23938,0.963169,-0.649314,0.214445,0.940187,-0.399975,0.250641,0.860566,-0.333249,0.0296372,0.661442,-0.358351,-0.0998057,
7.89,1.21746,-0.597151,-0.242094,0.959128,-0.647231,0.206814,0.926534,-0.417651,0.240299,0.859381,-0.333124,0.0272925,0.660455,-0.359021,-0.099293,
7.92,1.21426,-0.599651,-0.246503,0.958331,-0.646852,0.200352,0.923213,-0.420092,0.238191,0.858256,-0.333299,0.0254558,0.657989,-0.356888,-0.0995324,
7.95,1.21356,-0.601175,-0.250948,0.955649,-0.64412,0.189446,0.915729,-0.421693,0.230838,0.855656,-0.330638,0.0185656,0.649988,-0.355223,-0.0977468,
7.98,1.21296,-0.600826,-0.2546,0.95316,-0.641858,0.180245,0.91051,-0.422127,0.227237,0.85083,-0.328828,0.0157717,0.63832,-0.355409,-0.0930226,
8.01,1.21262,-0.600346,-0.256253,0.951878,-0.641202,0.17674,0.907664,-0.421892,0.224588,0.848424,-0.327317,0.0135469,0.632123,-0.35787,-0.0874292,
8.04,1.20945,-0.578151,-0.279378,0.949445,-0.639801,0.170591,0.902515,-0.42275,0.221629,0.838883,-0.325412,0.0128477,0.615271,-0.36187,-0.0767871,
